item_id,dept_id,Popularity,Volatility,Sparsity,product_name
FOODS_3_090,FOODS_3,253859,0.29,0.0,Horizon Pretzels
FOODS_3_586,FOODS_3,136269,0.2,0.0,Horizon Pretzels
FOODS_3_120,FOODS_3,90412,0.3,15.0,Chobani Bagged Salad Mix
FOODS_3_252,FOODS_3,82861,0.31,0.0,Stonyfield Classic Cola 2L
FOODS_3_541,FOODS_3,80495,5.29,55.0,Annie's Honey Nut Cereal
FOODS_3_635,FOODS_3,80252,2.23,48.0,Silk Marinara Pasta Sauce
FOODS_3_808,FOODS_3,72597,3.89,48.0,Chobani Sliced White Bread
FOODS_3_587,FOODS_3,71200,0.35,0.0,Silk Fruit Snacks
FOODS_3_555,FOODS_3,59999,0.22,0.0,Silk Pretzels
FOODS_3_681,FOODS_3,56790,0.47,0.0,Tyson English Muffins
FOODS_3_714,FOODS_3,52763,0.25,0.0,Horizon Red Gala Apples
FOODS_3_202,FOODS_3,52254,0.33,0.0,Horizon Spaghetti Noodles
FOODS_3_607,FOODS_3,49536,0.4,1.0,Quaker Canned Sweet Corn
FOODS_3_281,FOODS_3,47886,0.57,3.0,Tyson Sliced White Bread
FOODS_3_319,FOODS_3,46738,5.29,51.0,Quaker Russet Potatoes (5lb)
FOODS_3_723,FOODS_3,45468,0.5,0.0,Nestle White Rice (2lb)
FOODS_3_318,FOODS_3,45302,0.36,1.0,Nature Valley Strawberry Jam
FOODS_3_752,FOODS_3,44427,0.84,2.0,Great Value Strawberry Jam
FOODS_2_197,FOODS_2,43430,0.53,1.0,Kraft Frozen Waffles
FOODS_3_694,FOODS_3,42965,0.24,0.0,General Mills Tortilla Chips
FOODS_3_234,FOODS_3,42766,3.67,39.0,Horizon Granola Bars (Oats)
FOODS_3_282,FOODS_3,42513,0.26,1.0,Horizon Potato Chips (Classic)
FOODS_3_288,FOODS_3,41418,0.23,0.0,Great Value Russet Potatoes (5lb)
FOODS_3_501,FOODS_3,40170,0.52,0.0,Kraft Baby Carrots Bag
FOODS_2_360,FOODS_2,40073,0.53,14.0,Chobani Chicken Breast (Boneless)
FOODS_2_276,FOODS_2,39421,0.35,0.0,Kelloggs Pork Sausage Links
FOODS_3_711,FOODS_3,37459,0.89,13.0,Dole Fruit Snacks
FOODS_3_804,FOODS_3,37409,0.53,17.0,Kelloggs Fruit Snacks
FOODS_3_080,FOODS_3,35473,0.27,0.0,Great Value Canned Sweet Corn
FOODS_3_389,FOODS_3,35418,0.36,0.0,Kraft Granola Bars (Oats)
FOODS_3_295,FOODS_3,35379,0.53,0.0,Dole Spaghetti Noodles
FOODS_3_376,FOODS_3,35356,0.92,9.0,Chobani Classic Cola 2L
FOODS_3_499,FOODS_3,34067,0.35,6.0,Nestle Potato Chips (Classic)
FOODS_2_244,FOODS_2,33942,0.44,1.0,Kelloggs Smoked Turkey Deli Slices
FOODS_3_491,FOODS_3,33272,0.55,0.0,Silk Avocados (Hass)
FOODS_3_739,FOODS_3,32962,0.31,0.0,Nestle Avocados (Hass)
FOODS_3_498,FOODS_3,32889,0.91,8.0,Organic Valley Sliced White Bread
FOODS_2_347,FOODS_2,32418,0.44,0.0,Silk Frozen Waffles
FOODS_3_764,FOODS_3,32403,0.4,0.0,Stonyfield Iceberg Lettuce
FOODS_3_455,FOODS_3,32390,0.36,2.0,Dole Roma Tomatoes
FOODS_3_362,FOODS_3,32197,1.16,28.0,Horizon Roma Tomatoes
FOODS_3_462,FOODS_3,32002,0.7,4.0,Nature Valley Pretzels
FOODS_3_406,FOODS_3,31261,0.49,0.0,General Mills Potato Chips (Classic)
FOODS_3_007,FOODS_3,28989,0.94,10.0,Dole Peanut Butter (Creamy)
FOODS_2_019,FOODS_2,27973,0.42,1.0,Nestle Turkey Bacon
FOODS_3_329,FOODS_3,27464,0.36,0.0,Tyson Black Beans (15oz)
FOODS_3_099,FOODS_3,27194,0.4,2.0,Nestle Whole Wheat Bread
FOODS_3_547,FOODS_3,26344,1.57,18.0,Nestle Iceberg Lettuce
FOODS_3_811,FOODS_3,25836,0.5,0.0,Silk Baby Carrots Bag
FOODS_3_702,FOODS_3,25282,0.29,1.0,Nature Valley Iceberg Lettuce
FOODS_3_412,FOODS_3,25049,0.68,8.0,Stonyfield Russet Potatoes (5lb)
FOODS_3_580,FOODS_3,25011,1.14,11.0,Kelloggs Chocolate Chip Cookies
FOODS_3_458,FOODS_3,24775,0.3,0.0,Horizon Instant Coffee
FOODS_3_313,FOODS_3,24577,0.43,3.0,Tyson Potato Chips (Classic)
FOODS_3_377,FOODS_3,24303,0.3,0.0,Tyson Baby Carrots Bag
FOODS_3_785,FOODS_3,24223,0.48,55.0,Marketside White Rice (2lb)
FOODS_3_348,FOODS_3,23517,0.59,2.0,Stonyfield Peanut Butter (Creamy)
FOODS_3_150,FOODS_3,23145,0.75,1.0,General Mills Avocados (Hass)
FOODS_3_404,FOODS_3,23097,3.67,46.0,Kelloggs Red Gala Apples
FOODS_3_109,FOODS_3,22761,0.74,18.0,Annie's Spaghetti Noodles
FOODS_3_767,FOODS_3,22732,5.29,65.0,Quaker Roasted Peanuts
FOODS_3_524,FOODS_3,22490,0.0,63.0,Stonyfield Pretzels
FOODS_1_218,FOODS_1,22457,0.58,0.0,Horizon Heavy Whipping Cream
FOODS_3_741,FOODS_3,21676,0.6,2.0,Kraft Pretzels
FOODS_2_128,FOODS_2,21273,0.59,27.0,Great Value Atlantic Salmon Fillet
FOODS_1_043,FOODS_1,21049,0.63,73.0,Silk Orange Juice (No Pulp)
FOODS_3_746,FOODS_3,21005,0.47,1.0,Horizon Sliced White Bread
FOODS_3_697,FOODS_3,20673,0.41,0.0,Tyson Marinara Pasta Sauce
FOODS_3_245,FOODS_3,20669,0.42,2.0,Kraft Pretzels
FOODS_3_086,FOODS_3,20460,0.57,2.0,General Mills Instant Coffee
FOODS_3_756,FOODS_3,20402,0.36,0.0,Kelloggs Tortilla Chips
FOODS_2_181,FOODS_2,20350,0.52,0.0,Kraft Ground Beef (93% Lean)
FOODS_3_744,FOODS_3,19901,0.38,0.0,Chobani Organic Bananas (Bunch)
FOODS_3_107,FOODS_3,19583,0.42,0.0,Silk Honey Nut Cereal
FOODS_3_769,FOODS_3,19251,0.56,5.0,Marketside Green Seedless Grapes
FOODS_3_133,FOODS_3,19179,0.77,1.0,Kraft Russet Potatoes (5lb)
FOODS_3_233,FOODS_3,18860,0.41,19.0,Tyson Spaghetti Noodles
FOODS_3_734,FOODS_3,18721,0.46,1.0,Nature Valley Roma Tomatoes
FOODS_2_021,FOODS_2,18660,0.76,27.0,Kraft Frozen Spinich
FOODS_3_454,FOODS_3,18170,1.24,24.0,General Mills Iceberg Lettuce
FOODS_3_474,FOODS_3,18169,0.74,10.0,Horizon Russet Potatoes (5lb)
FOODS_3_755,FOODS_3,18092,0.81,2.0,Nestle Yellow Onions
FOODS_3_570,FOODS_3,17929,0.5,5.0,Horizon Tortilla Chips
FOODS_1_004,FOODS_1,17698,0.8,77.0,Kelloggs Unsalted Sweet Cream Butter
FOODS_3_327,FOODS_3,17360,0.93,18.0,Dole Granola Bars (Oats)
FOODS_3_516,FOODS_3,17326,0.45,0.0,Kelloggs Iceberg Lettuce
FOODS_2_326,FOODS_2,17165,0.69,3.0,General Mills Pork Loin Chops
FOODS_3_226,FOODS_3,17054,0.33,0.0,Organic Valley Russet Potatoes (5lb)
FOODS_3_228,FOODS_3,17023,0.4,0.0,Kelloggs Yellow Onions
FOODS_3_403,FOODS_3,16918,0.53,2.0,Nestle Organic Bananas (Bunch)
FOODS_1_018,FOODS_1,16776,0.53,0.0,Organic Valley Shredded Mozzarella
FOODS_3_263,FOODS_3,16712,0.34,0.0,Dole Marinara Pasta Sauce
FOODS_2_371,FOODS_2,16039,0.49,0.0,Nestle Beef Chuck Roast
FOODS_3_668,FOODS_3,15921,0.47,0.0,Stonyfield Granola Bars (Oats)
FOODS_3_351,FOODS_3,15849,0.66,0.0,Quaker White Rice (2lb)
FOODS_3_594,FOODS_3,15659,5.29,67.0,Organic Valley Baby Carrots Bag
FOODS_3_816,FOODS_3,15480,1.39,32.0,Great Value White Rice (2lb)
FOODS_3_503,FOODS_3,15450,0.54,2.0,Dole Peanut Butter (Creamy)
FOODS_3_757,FOODS_3,15244,0.38,25.0,Kraft Sparkling Water (Lime)
FOODS_1_170,FOODS_1,15141,0.4,1.0,Horizon Vanilla Bean Yogurt
FOODS_3_695,FOODS_3,14909,0.48,1.0,Dole Sparkling Water (Lime)
FOODS_3_787,FOODS_3,14848,0.89,24.0,Nestle Tortilla Chips
FOODS_3_449,FOODS_3,14801,0.47,11.0,Marketside Marinara Pasta Sauce
FOODS_3_526,FOODS_3,14752,1.86,26.0,Nature Valley English Muffins
FOODS_3_473,FOODS_3,14741,0.43,2.0,Tyson Strawberry Jam
FOODS_1_110,FOODS_1,14739,0.57,68.0,Nature Valley Vanilla Bean Yogurt
FOODS_3_789,FOODS_3,14729,0.33,8.0,Kraft Honey Nut Cereal
FOODS_2_325,FOODS_2,14621,0.69,1.0,Kraft Frozen Lasagna
FOODS_3_413,FOODS_3,14577,0.56,5.0,Annie's White Rice (2lb)
FOODS_3_446,FOODS_3,14536,0.8,15.0,Nature Valley Tortilla Chips
FOODS_3_468,FOODS_3,14443,0.49,5.0,Kelloggs Potato Chips (Classic)
FOODS_3_070,FOODS_3,14440,1.28,19.0,General Mills Strawberry Jam
FOODS_3_113,FOODS_3,13882,0.8,17.0,Marketside Iceberg Lettuce
FOODS_3_124,FOODS_3,13770,0.53,4.0,Stonyfield Organic Bananas (Bunch)
FOODS_3_030,FOODS_3,13722,0.42,0.0,Nature Valley English Muffins
FOODS_3_572,FOODS_3,13670,0.33,0.0,Stonyfield Honey Nut Cereal
FOODS_1_184,FOODS_1,13629,1.11,20.0,Chobani Unsalted Sweet Cream Butter
FOODS_1_173,FOODS_1,13530,0.63,4.0,Annie's Blueberry Yogurt 4pk
FOODS_3_469,FOODS_3,13425,0.48,3.0,Kraft Classic Cola 2L
FOODS_3_219,FOODS_3,13410,0.85,2.0,Silk Sliced White Bread
FOODS_3_476,FOODS_3,13251,0.72,9.0,Stonyfield Yellow Onions
FOODS_3_738,FOODS_3,13191,0.91,9.0,Organic Valley Green Seedless Grapes
FOODS_3_792,FOODS_3,13181,0.89,11.0,Chobani Granola Bars (Oats)
FOODS_2_293,FOODS_2,13148,0.48,5.0,Kraft Salami Trio
FOODS_1_032,FOODS_1,13107,0.78,9.0,Great Value Large Grade A Eggs (12ct)
FOODS_3_444,FOODS_3,13065,0.82,81.0,Stonyfield White Rice (2lb)
FOODS_3_688,FOODS_3,13053,0.53,4.0,Great Value Whole Wheat Bread
FOODS_3_511,FOODS_3,12733,0.41,0.0,Quaker Marinara Pasta Sauce
FOODS_3_116,FOODS_3,12602,0.72,24.0,Kelloggs Roasted Peanuts
FOODS_1_046,FOODS_1,12554,0.81,5.0,Nature Valley Half & Half Creamer
FOODS_2_016,FOODS_2,12508,1.02,19.0,Great Value Corned Beef
FOODS_3_574,FOODS_3,12446,0.8,6.0,Nature Valley Spaghetti Noodles
FOODS_1_067,FOODS_1,12389,0.75,11.0,Nestle Sour Cream (16oz)
FOODS_1_055,FOODS_1,12305,0.68,1.0,Dole Soy Milk (Vanilla)
FOODS_3_305,FOODS_3,12019,0.51,26.0,Marketside Avocados (Hass)
FOODS_3_258,FOODS_3,11991,0.41,12.0,Organic Valley White Rice (2lb)
FOODS_2_204,FOODS_2,11924,0.56,20.0,Stonyfield Raw Shrimp (Peeled)
FOODS_3_342,FOODS_3,11836,0.6,1.0,General Mills Red Gala Apples
FOODS_3_020,FOODS_3,11731,0.65,7.0,Kelloggs Iceberg Lettuce
FOODS_3_363,FOODS_3,11575,0.78,6.0,Silk Chocolate Chip Cookies
FOODS_3_546,FOODS_3,11573,0.87,11.0,Organic Valley Black Beans (15oz)
FOODS_3_704,FOODS_3,11365,0.82,6.0,Great Value Chocolate Chip Cookies
FOODS_1_085,FOODS_1,11121,0.55,2.0,Kraft Soy Milk (Vanilla)
FOODS_3_231,FOODS_3,11114,0.47,0.0,Dole Honey Nut Cereal
FOODS_3_136,FOODS_3,11027,0.38,1.0,Chobani Tortilla Chips
FOODS_1_217,FOODS_1,10977,0.92,4.0,Tyson Sour Cream (16oz)
FOODS_2_013,FOODS_2,10957,0.55,8.0,Annie's Mixed Vegetable Medley
FOODS_1_012,FOODS_1,10921,0.0,63.0,Stonyfield Cottage Cheese (Low Fat)
FOODS_1_162,FOODS_1,10861,0.74,7.0,Organic Valley Cottage Cheese (Low Fat)
FOODS_2_241,FOODS_2,10757,0.36,1.0,Marketside Ground Beef (93% Lean)
FOODS_3_407,FOODS_3,10569,0.65,2.0,Dole Classic Cola 2L
FOODS_2_315,FOODS_2,10540,0.58,6.0,Silk Meatball Sub Kit
FOODS_3_283,FOODS_3,10523,0.79,6.0,Silk Classic Cola 2L
FOODS_1_058,FOODS_1,10502,1.04,78.0,Horizon Parmesan Shaker
FOODS_3_822,FOODS_3,10441,0.46,3.0,General Mills Spaghetti Noodles
FOODS_3_664,FOODS_3,10123,0.84,22.0,Chobani Sparkling Water (Lime)
FOODS_3_304,FOODS_3,10090,0.7,10.0,Great Value Green Seedless Grapes
FOODS_3_324,FOODS_3,10073,0.59,49.0,Kelloggs Honey Nut Cereal
FOODS_3_259,FOODS_3,10051,0.4,0.0,Nestle Yellow Onions
FOODS_3_285,FOODS_3,9908,0.76,5.0,Annie's Whole Wheat Bread
FOODS_3_800,FOODS_3,9908,0.7,9.0,Great Value Green Seedless Grapes
FOODS_3_772,FOODS_3,9849,0.53,0.0,Kelloggs Pretzels
FOODS_2_222,FOODS_2,9784,0.58,7.0,Nature Valley Frozen French Fries
FOODS_2_380,FOODS_2,9772,0.43,2.0,Stonyfield Hot Dogs (8ct)
FOODS_3_441,FOODS_3,9725,0.0,100.0,Tyson Peanut Butter (Creamy)
FOODS_3_054,FOODS_3,9537,0.88,50.0,General Mills Roasted Peanuts
FOODS_3_148,FOODS_3,9526,0.9,18.0,Kelloggs Instant Coffee
FOODS_3_346,FOODS_3,9494,0.74,16.0,Horizon Baby Carrots Bag
FOODS_1_019,FOODS_1,9482,0.98,20.0,Nestle Swiss Cheese Slices
FOODS_3_753,FOODS_3,9478,0.62,1.0,Marketside Russet Potatoes (5lb)
FOODS_3_118,FOODS_3,9463,0.7,6.0,General Mills Green Seedless Grapes
FOODS_3_339,FOODS_3,9411,0.61,8.0,Nestle Fruit Snacks
FOODS_2_029,FOODS_2,9362,0.49,0.0,Annie's Veggie Burgers
FOODS_3_477,FOODS_3,9351,0.61,5.0,Annie's Tortilla Chips
FOODS_2_240,FOODS_2,9297,0.98,79.0,Great Value Chicken Breast (Boneless)
FOODS_1_161,FOODS_1,9265,0.83,4.0,Marketside Oat Milk (Barista Blend)
FOODS_3_299,FOODS_3,9229,0.61,7.0,Silk Iceberg Lettuce
FOODS_3_801,FOODS_3,9142,0.61,4.0,Marketside Avocados (Hass)
FOODS_3_617,FOODS_3,9139,0.61,9.0,Tyson Pretzels
FOODS_3_108,FOODS_3,9076,0.68,10.0,Stonyfield Marinara Pasta Sauce
FOODS_2_054,FOODS_2,8998,0.61,17.0,General Mills Raw Shrimp (Peeled)
FOODS_3_131,FOODS_3,8889,0.71,7.0,Nestle Peanut Butter (Creamy)
FOODS_3_177,FOODS_3,8888,0.89,7.0,Marketside Chocolate Chip Cookies
FOODS_1_104,FOODS_1,8861,1.19,19.0,Chobani Probiotic Drink
FOODS_3_135,FOODS_3,8826,0.33,0.0,Dole Yellow Onions
FOODS_3_809,FOODS_3,8795,0.78,4.0,Tyson Potato Chips (Classic)
FOODS_2_164,FOODS_2,8778,0.62,21.0,Kelloggs Breakfast Burritos
FOODS_3_794,FOODS_3,8723,0.69,16.0,Horizon Black Beans (15oz)
FOODS_3_355,FOODS_3,8716,1.08,33.0,Nestle Honey Nut Cereal
FOODS_3_274,FOODS_3,8715,1.17,37.0,Organic Valley Avocados (Hass)
FOODS_3_399,FOODS_3,8687,0.89,18.0,Quaker Bagged Salad Mix
FOODS_3_064,FOODS_3,8632,0.72,10.0,Great Value Sliced White Bread
FOODS_3_265,FOODS_3,8577,0.74,13.0,Tyson Granola Bars (Oats)
FOODS_2_318,FOODS_2,8498,0.28,0.0,Nature Valley Tilapia Fillets
FOODS_3_101,FOODS_3,8424,0.64,3.0,Kraft Strawberry Jam
FOODS_2_299,FOODS_2,8401,0.65,16.0,Silk Veggie Burgers
FOODS_3_534,FOODS_3,8290,0.47,20.0,General Mills Peanut Butter (Creamy)
FOODS_3_300,FOODS_3,8288,0.95,12.0,Stonyfield Roma Tomatoes
FOODS_3_037,FOODS_3,8227,0.91,14.0,Kraft Whole Wheat Bread
FOODS_3_782,FOODS_3,8210,0.52,2.0,Nature Valley Peanut Butter (Creamy)
FOODS_1_086,FOODS_1,8179,0.91,21.0,General Mills Cage Free Brown Eggs
FOODS_3_562,FOODS_3,8173,0.57,4.0,Organic Valley Classic Cola 2L
FOODS_1_137,FOODS_1,8155,1.03,28.0,Tyson Margarine Tub
FOODS_3_481,FOODS_3,8104,0.76,11.0,Marketside Spaghetti Noodles
FOODS_1_061,FOODS_1,8033,0.72,13.0,Annie's 2% Reduced Fat Milk
FOODS_3_349,FOODS_3,8028,0.46,0.0,Annie's Strawberry Jam
FOODS_3_783,FOODS_3,7932,0.77,17.0,Quaker Strawberry Jam
FOODS_1_219,FOODS_1,7896,0.67,14.0,Silk Almond Milk (Unsweetened)
FOODS_3_682,FOODS_3,7889,0.28,3.0,Horizon Organic Bananas (Bunch)
FOODS_3_039,FOODS_3,7870,0.4,0.0,Dole Strawberry Jam
FOODS_3_807,FOODS_3,7863,1.32,22.0,Dole Red Gala Apples
FOODS_2_152,FOODS_2,7854,0.48,7.0,Chobani Frozen Pepperoni Pizza
FOODS_3_636,FOODS_3,7848,0.56,14.0,Stonyfield Spaghetti Noodles
FOODS_3_725,FOODS_3,7810,0.61,5.0,Kraft Tortilla Chips
FOODS_3_290,FOODS_3,7803,1.61,31.0,Organic Valley Yellow Onions
FOODS_3_692,FOODS_3,7786,1.24,14.0,Kelloggs White Rice (2lb)
FOODS_3_230,FOODS_3,7777,0.51,3.0,General Mills Sparkling Water (Lime)
FOODS_3_540,FOODS_3,7752,0.43,0.0,Stonyfield Sparkling Water (Lime)
FOODS_2_233,FOODS_2,7742,0.82,18.0,Tyson Salami Trio
FOODS_3_651,FOODS_3,7720,0.99,14.0,Silk Organic Bananas (Bunch)
FOODS_1_154,FOODS_1,7710,0.92,8.0,Horizon Unsalted Sweet Cream Butter
FOODS_3_151,FOODS_3,7696,0.39,1.0,Dole Bagged Salad Mix
FOODS_3_127,FOODS_3,7663,0.48,5.0,Quaker Potato Chips (Classic)
FOODS_3_087,FOODS_3,7582,0.61,3.0,Dole Green Seedless Grapes
FOODS_2_374,FOODS_2,7551,0.48,11.0,General Mills Breakfast Burritos
FOODS_3_368,FOODS_3,7511,0.82,8.0,Great Value Bagged Salad Mix
FOODS_3_067,FOODS_3,7489,0.5,8.0,Nestle Baby Carrots Bag
FOODS_3_332,FOODS_3,7430,0.67,17.0,Stonyfield Chocolate Chip Cookies
FOODS_2_199,FOODS_2,7387,0.77,9.0,Dole Turkey Bacon
FOODS_3_655,FOODS_3,7371,1.01,28.0,Quaker Classic Cola 2L
FOODS_1_183,FOODS_1,7332,1.0,12.0,Dole Greek Strawberry Yogurt
FOODS_3_652,FOODS_3,7307,0.56,5.0,Stonyfield Red Gala Apples
FOODS_1_108,FOODS_1,7263,1.24,29.0,Stonyfield Shredded Mozzarella
FOODS_3_505,FOODS_3,7260,0.66,7.0,Tyson Russet Potatoes (5lb)
FOODS_3_818,FOODS_3,7243,1.47,13.0,Organic Valley Tortilla Chips
FOODS_3_367,FOODS_3,7222,0.81,9.0,Quaker Avocados (Hass)
FOODS_3_023,FOODS_3,7212,0.48,7.0,Dole Roasted Peanuts
FOODS_3_227,FOODS_3,7151,0.64,4.0,Nestle White Rice (2lb)
FOODS_3_201,FOODS_3,7125,0.61,5.0,Tyson Marinara Pasta Sauce
FOODS_3_598,FOODS_3,7092,0.8,4.0,General Mills Russet Potatoes (5lb)
FOODS_2_131,FOODS_2,7089,0.34,0.0,Nestle Beef Chuck Roast
FOODS_2_359,FOODS_2,7080,0.75,17.0,Dole Veggie Burgers
FOODS_3_727,FOODS_3,7077,0.46,7.0,Dole Honey Nut Cereal
FOODS_3_079,FOODS_3,7061,0.71,8.0,Quaker Granola Bars (Oats)
FOODS_1_150,FOODS_1,7053,0.79,14.0,General Mills Whole Milk (1 gal)
FOODS_3_530,FOODS_3,7053,0.51,4.0,Organic Valley Potato Chips (Classic)
FOODS_2_183,FOODS_2,7043,0.71,8.0,Dole Beef Patties (1/4 lb)
FOODS_1_196,FOODS_1,7000,1.17,33.0,Kelloggs Half & Half Creamer
FOODS_3_369,FOODS_3,6994,0.59,5.0,Marketside Pretzels
FOODS_3_393,FOODS_3,6980,0.42,2.0,Tyson Roma Tomatoes
FOODS_3_330,FOODS_3,6943,0.78,16.0,Horizon Iceberg Lettuce
FOODS_2_294,FOODS_2,6940,0.72,11.0,General Mills Raw Shrimp (Peeled)
FOODS_3_819,FOODS_3,6938,1.04,31.0,Nestle Sparkling Water (Lime)
FOODS_3_614,FOODS_3,6933,0.0,70.0,General Mills Green Seedless Grapes
FOODS_3_097,FOODS_3,6919,0.85,19.0,Marketside Classic Cola 2L
FOODS_3_076,FOODS_3,6812,0.51,1.0,Stonyfield Honey Nut Cereal
FOODS_2_030,FOODS_2,6771,0.82,18.0,Nature Valley Chicken Breast (Boneless)
FOODS_3_203,FOODS_3,6769,0.76,8.0,Silk Granola Bars (Oats)
FOODS_2_349,FOODS_2,6738,0.61,4.0,Annie's Turkey Bacon
FOODS_3_434,FOODS_3,6718,1.03,30.0,Organic Valley Organic Bananas (Bunch)
FOODS_3_378,FOODS_3,6674,0.62,14.0,Horizon Whole Wheat Bread
FOODS_3_121,FOODS_3,6644,0.49,2.0,Tyson Pretzels
FOODS_3_144,FOODS_3,6598,0.57,3.0,Great Value Iceberg Lettuce
FOODS_3_460,FOODS_3,6585,0.76,14.0,Stonyfield Avocados (Hass)
FOODS_1_088,FOODS_1,6532,0.71,7.0,Chobani Parmesan Shaker
FOODS_3_672,FOODS_3,6489,1.16,24.0,Great Value Roma Tomatoes
FOODS_2_388,FOODS_2,6460,0.65,13.0,Kelloggs Frozen Peaches
FOODS_3_750,FOODS_3,6444,0.66,37.0,Nature Valley Whole Wheat Bread
FOODS_3_475,FOODS_3,6421,0.82,23.0,Silk White Rice (2lb)
FOODS_2_075,FOODS_2,6410,0.61,5.0,Silk Meatball Sub Kit
FOODS_3_093,FOODS_3,6409,1.24,13.0,Annie's Organic Bananas (Bunch)
FOODS_3_435,FOODS_3,6402,0.59,4.0,Nestle Red Gala Apples
FOODS_3_592,FOODS_3,6366,0.57,18.0,Great Value Potato Chips (Classic)
FOODS_2_166,FOODS_2,6331,1.34,81.0,General Mills Corned Beef
FOODS_3_317,FOODS_3,6321,1.13,21.0,Annie's Peanut Butter (Creamy)
FOODS_1_099,FOODS_1,6311,0.51,3.0,Nestle Almond Milk (Unsweetened)
FOODS_3_610,FOODS_3,6289,0.86,13.0,Organic Valley Roma Tomatoes
FOODS_3_805,FOODS_3,6281,0.95,31.0,Kraft English Muffins
FOODS_3_732,FOODS_3,6258,1.05,63.0,Stonyfield Black Beans (15oz)
FOODS_2_342,FOODS_2,6253,0.52,3.0,General Mills Frozen French Fries
FOODS_3_307,FOODS_3,6247,0.33,0.0,Nestle Pretzels
FOODS_3_674,FOODS_3,6202,0.89,13.0,Organic Valley Roasted Peanuts
FOODS_3_089,FOODS_3,6202,0.0,57.0,Tyson Bagged Salad Mix
FOODS_3_634,FOODS_3,6168,0.52,7.0,Horizon Honey Nut Cereal
FOODS_3_232,FOODS_3,6147,0.5,11.0,Chobani Marinara Pasta Sauce
FOODS_3_578,FOODS_3,6111,0.56,65.0,Organic Valley Iceberg Lettuce
FOODS_3_191,FOODS_3,6110,0.82,31.0,Quaker Baby Carrots Bag
FOODS_3_742,FOODS_3,6067,0.99,27.0,General Mills Fruit Snacks
FOODS_1_210,FOODS_1,6060,0.75,73.0,Organic Valley Whole Milk (1 gal)
FOODS_3_689,FOODS_3,6048,0.5,4.0,Marketside Peanut Butter (Creamy)
FOODS_3_638,FOODS_3,6046,0.72,5.0,Nature Valley Canned Sweet Corn
FOODS_3_292,FOODS_3,6005,0.44,4.0,Kelloggs Sparkling Water (Lime)
FOODS_2_194,FOODS_2,6005,0.78,22.0,Organic Valley Breakfast Burritos
FOODS_3_661,FOODS_3,5992,0.41,0.0,Kraft White Rice (2lb)
FOODS_3_459,FOODS_3,5984,0.79,11.0,Silk Green Seedless Grapes
FOODS_3_632,FOODS_3,5963,0.65,6.0,Chobani Tortilla Chips
FOODS_3_654,FOODS_3,5933,0.5,0.0,Nature Valley Potato Chips (Classic)
FOODS_3_372,FOODS_3,5932,0.56,1.0,Kelloggs Organic Bananas (Bunch)
FOODS_3_066,FOODS_3,5931,0.48,0.0,Organic Valley Classic Cola 2L
FOODS_3_139,FOODS_3,5924,0.48,11.0,Silk Marinara Pasta Sauce
FOODS_3_132,FOODS_3,5912,0.65,24.0,Kelloggs Strawberry Jam
FOODS_3_042,FOODS_3,5869,0.49,16.0,Horizon Yellow Onions
FOODS_3_236,FOODS_3,5867,0.5,19.0,Stonyfield Black Beans (15oz)
FOODS_2_101,FOODS_2,5830,0.6,14.0,Kraft Beef Chuck Roast
FOODS_1_106,FOODS_1,5822,1.06,30.0,Horizon Half & Half Creamer
FOODS_3_257,FOODS_3,5805,0.71,11.0,Marketside Russet Potatoes (5lb)
FOODS_3_788,FOODS_3,5785,0.62,9.0,Kelloggs Sparkling Water (Lime)
FOODS_3_021,FOODS_3,5778,1.01,33.0,Kraft Roma Tomatoes
FOODS_3_026,FOODS_3,5775,1.06,34.0,Horizon Avocados (Hass)
FOODS_3_786,FOODS_3,5771,1.04,22.0,Organic Valley Yellow Onions
FOODS_2_061,FOODS_2,5762,0.77,21.0,Annie's Ground Beef (93% Lean)
FOODS_2_082,FOODS_2,5741,0.57,5.0,Organic Valley Ice Cream (Vanilla Bean)
FOODS_3_279,FOODS_3,5727,0.94,10.0,Dole Organic Bananas (Bunch)
FOODS_3_117,FOODS_3,5692,1.11,21.0,Kraft Instant Coffee
FOODS_3_793,FOODS_3,5678,0.45,7.0,Tyson Canned Sweet Corn
FOODS_3_014,FOODS_3,5650,1.0,37.0,Nature Valley Honey Nut Cereal
FOODS_3_721,FOODS_3,5646,1.75,41.0,Marketside Strawberry Jam
FOODS_3_115,FOODS_3,5638,1.04,29.0,Nestle Chocolate Chip Cookies
FOODS_1_083,FOODS_1,5624,0.67,15.0,Nestle Blueberry Yogurt 4pk
FOODS_3_059,FOODS_3,5610,1.38,15.0,Silk Pretzels
FOODS_3_154,FOODS_3,5589,0.88,28.0,Horizon English Muffins
FOODS_3_176,FOODS_3,5585,1.39,36.0,Great Value Roma Tomatoes
FOODS_3_238,FOODS_3,5550,0.58,11.0,Nature Valley Roma Tomatoes
FOODS_1_023,FOODS_1,5499,0.63,3.0,Dole Blueberry Yogurt 4pk
FOODS_3_217,FOODS_3,5497,0.95,23.0,Tyson Organic Bananas (Bunch)
FOODS_3_156,FOODS_3,5463,0.77,28.0,Stonyfield Red Gala Apples
FOODS_2_056,FOODS_2,5423,0.48,6.0,Chobani Pork Loin Chops
FOODS_2_357,FOODS_2,5410,1.01,26.0,Kraft Breaded Fish Sticks
FOODS_3_041,FOODS_3,5393,0.68,3.0,Tyson White Rice (2lb)
FOODS_1_194,FOODS_1,5320,0.81,18.0,Organic Valley Probiotic Drink
FOODS_1_215,FOODS_1,5309,0.95,17.0,Dole Cheddar Cheese Block
FOODS_3_142,FOODS_3,5282,0.77,20.0,Nature Valley Canned Sweet Corn
FOODS_2_285,FOODS_2,5256,0.9,13.0,Annie's Meatball Sub Kit
FOODS_1_013,FOODS_1,5250,1.07,24.0,Annie's Orange Juice (No Pulp)
FOODS_1_166,FOODS_1,5249,0.83,13.0,General Mills Half & Half Creamer
FOODS_3_566,FOODS_3,5239,0.75,6.0,General Mills Strawberry Jam
FOODS_3_302,FOODS_3,5233,0.49,8.0,Nature Valley Roasted Peanuts
FOODS_2_304,FOODS_2,5231,0.43,2.0,Great Value Smoked Turkey Deli Slices
FOODS_1_087,FOODS_1,5217,0.59,1.0,Dole Ricotta Cheese
FOODS_3_628,FOODS_3,5217,0.63,6.0,Kelloggs Strawberry Jam
FOODS_3_508,FOODS_3,5216,1.35,25.0,Stonyfield Tortilla Chips
FOODS_3_301,FOODS_3,5193,0.88,19.0,Annie's Chocolate Chip Cookies
FOODS_2_289,FOODS_2,5193,0.84,18.0,Marketside Turkey Bacon
FOODS_2_274,FOODS_2,5192,0.73,10.0,Organic Valley Smoked Turkey Deli Slices
FOODS_2_384,FOODS_2,5170,0.59,10.0,Great Value Raw Shrimp (Peeled)
FOODS_2_116,FOODS_2,5127,1.55,59.0,Kelloggs Pork Loin Chops
FOODS_1_201,FOODS_1,5119,0.98,19.0,Tyson Pepper Jack Cubes
FOODS_3_184,FOODS_3,5115,0.74,39.0,Chobani Fruit Snacks
FOODS_3_224,FOODS_3,5089,0.8,20.0,Great Value Peanut Butter (Creamy)
FOODS_3_551,FOODS_3,5069,0.64,12.0,Dole Instant Coffee
FOODS_3_590,FOODS_3,5055,0.64,37.0,Nature Valley Red Gala Apples
FOODS_1_045,FOODS_1,5026,0.9,37.0,Annie's Liquid Egg Whites
FOODS_3_241,FOODS_3,5025,0.67,23.0,Marketside Instant Coffee
FOODS_3_795,FOODS_3,5009,0.56,1.0,Silk Iceberg Lettuce
FOODS_3_138,FOODS_3,5007,0.74,8.0,Horizon Honey Nut Cereal
FOODS_3_479,FOODS_3,4994,1.56,26.0,Quaker Honey Nut Cereal
FOODS_3_249,FOODS_3,4992,0.58,31.0,Tyson Red Gala Apples
FOODS_3_646,FOODS_3,4985,0.84,39.0,General Mills Avocados (Hass)
FOODS_2_139,FOODS_2,4985,1.35,23.0,Silk Turkey Bacon
FOODS_2_306,FOODS_2,4971,2.26,37.0,Organic Valley Pork Sausage Links
FOODS_2_283,FOODS_2,4956,1.52,38.0,Silk Mixed Vegetable Medley
FOODS_3_584,FOODS_3,4903,1.36,42.0,Chobani Avocados (Hass)
FOODS_1_113,FOODS_1,4901,0.73,17.0,Marketside Blueberry Yogurt 4pk
FOODS_3_823,FOODS_3,4879,0.6,29.0,Dole Granola Bars (Oats)
FOODS_1_121,FOODS_1,4872,1.25,45.0,Tyson 2% Reduced Fat Milk
FOODS_2_086,FOODS_2,4865,0.73,6.0,General Mills Pork Loin Chops
FOODS_3_082,FOODS_3,4830,1.08,39.0,Organic Valley Iceberg Lettuce
FOODS_1_200,FOODS_1,4824,0.68,3.0,Chobani Vanilla Bean Yogurt
FOODS_3_248,FOODS_3,4824,0.81,20.0,Chobani Organic Bananas (Bunch)
FOODS_3_565,FOODS_3,4821,0.61,4.0,Kraft Peanut Butter (Creamy)
FOODS_1_172,FOODS_1,4798,1.54,28.0,Stonyfield Salted Butter Sticks
FOODS_3_126,FOODS_3,4791,0.83,4.0,Nature Valley Sliced White Bread
FOODS_2_247,FOODS_2,4791,0.95,26.0,Dole Frozen Mixed Berries
FOODS_1_120,FOODS_1,4791,1.54,76.0,Chobani Whole Milk (1 gal)
FOODS_3_394,FOODS_3,4790,0.92,19.0,Horizon Chocolate Chip Cookies
FOODS_3_648,FOODS_3,4786,1.13,32.0,Chobani Pretzels
FOODS_3_008,FOODS_3,4783,1.48,84.0,Chobani Strawberry Jam
FOODS_1_142,FOODS_1,4763,1.23,30.0,Nature Valley Salted Butter Sticks
FOODS_3_665,FOODS_3,4716,0.59,11.0,Tyson Honey Nut Cereal
FOODS_3_814,FOODS_3,4696,0.74,12.0,Nature Valley Strawberry Jam
FOODS_3_400,FOODS_3,4694,0.85,30.0,Great Value Pretzels
FOODS_2_368,FOODS_2,4672,0.56,3.0,Great Value Atlantic Salmon Fillet
FOODS_1_027,FOODS_1,4641,0.59,13.0,Silk Ricotta Cheese
FOODS_2_150,FOODS_2,4624,0.93,57.0,General Mills Chicken Breast (Boneless)
FOODS_3_573,FOODS_3,4623,0.87,4.0,Annie's Marinara Pasta Sauce
FOODS_2_212,FOODS_2,4618,1.43,19.0,Kelloggs Frozen Pepperoni Pizza
FOODS_3_678,FOODS_3,4612,1.03,21.0,General Mills Bagged Salad Mix
FOODS_1_036,FOODS_1,4606,0.95,31.0,Kelloggs String Cheese Snacks
FOODS_1_031,FOODS_1,4572,0.61,15.0,Quaker 2% Reduced Fat Milk
FOODS_3_485,FOODS_3,4560,0.64,9.0,Kraft Iceberg Lettuce
FOODS_3_083,FOODS_3,4528,0.74,3.0,Nestle Roma Tomatoes
FOODS_3_250,FOODS_3,4528,0.73,19.0,Horizon Sliced White Bread
FOODS_3_385,FOODS_3,4527,0.72,20.0,Marketside Sparkling Water (Lime)
FOODS_3_063,FOODS_3,4519,1.46,39.0,Quaker Red Gala Apples
FOODS_3_760,FOODS_3,4513,0.46,0.0,Chobani Spaghetti Noodles
FOODS_1_187,FOODS_1,4485,0.79,22.0,Silk Sour Cream (16oz)
FOODS_3_011,FOODS_3,4484,1.27,25.0,Silk Yellow Onions
FOODS_3_192,FOODS_3,4476,0.42,1.0,Great Value Whole Wheat Bread
FOODS_3_431,FOODS_3,4458,0.92,12.0,Quaker Pretzels
FOODS_3_812,FOODS_3,4451,0.9,21.0,Stonyfield Whole Wheat Bread
FOODS_3_321,FOODS_3,4449,0.6,2.0,Marketside Yellow Onions
FOODS_3_289,FOODS_3,4432,0.97,27.0,Marketside White Rice (2lb)
FOODS_3_267,FOODS_3,4430,0.93,33.0,Silk Black Beans (15oz)
FOODS_3_273,FOODS_3,4427,0.87,17.0,Marketside Green Seedless Grapes
FOODS_3_311,FOODS_3,4425,0.66,14.0,Dole Red Gala Apples
FOODS_3_676,FOODS_3,4420,0.81,27.0,Kelloggs Green Seedless Grapes
FOODS_3_535,FOODS_3,4418,0.94,15.0,Dole Strawberry Jam
FOODS_3_432,FOODS_3,4395,0.78,20.0,Great Value Fruit Snacks
FOODS_2_267,FOODS_2,4390,1.39,35.0,Silk Breaded Fish Sticks
FOODS_2_119,FOODS_2,4380,0.52,7.0,Dole Veggie Burgers
FOODS_3_140,FOODS_3,4376,0.51,4.0,Stonyfield Spaghetti Noodles
FOODS_3_596,FOODS_3,4373,0.99,22.0,Kelloggs Peanut Butter (Creamy)
FOODS_1_082,FOODS_1,4364,0.95,17.0,Organic Valley Salted Butter Sticks
FOODS_1_180,FOODS_1,4359,0.84,58.0,Kelloggs Whole Milk (1 gal)
FOODS_3_679,FOODS_3,4354,0.81,19.0,Dole Pretzels
FOODS_3_424,FOODS_3,4354,0.91,35.0,Chobani Roma Tomatoes
FOODS_3_194,FOODS_3,4351,0.61,61.0,Organic Valley Strawberry Jam
FOODS_3_053,FOODS_3,4318,0.89,12.0,Kraft Chocolate Chip Cookies
FOODS_3_480,FOODS_3,4315,1.55,27.0,Great Value Marinara Pasta Sauce
FOODS_3_766,FOODS_3,4298,0.83,25.0,Nature Valley Chocolate Chip Cookies
FOODS_3_418,FOODS_3,4285,0.8,13.0,Organic Valley Marinara Pasta Sauce
FOODS_2_036,FOODS_2,4282,0.65,9.0,Kelloggs Pork Sausage Links
FOODS_3_169,FOODS_3,4274,1.13,13.0,Tyson Honey Nut Cereal
FOODS_3_683,FOODS_3,4269,0.5,3.0,Silk Red Gala Apples
FOODS_3_291,FOODS_3,4248,0.71,14.0,Nestle Tortilla Chips
FOODS_2_381,FOODS_2,4235,0.6,12.0,Annie's Frozen Spinich
FOODS_1_181,FOODS_1,4217,0.95,17.0,Kraft 2% Reduced Fat Milk
FOODS_3_561,FOODS_3,4152,0.65,7.0,Marketside Potato Chips (Classic)
FOODS_2_081,FOODS_2,4152,0.94,42.0,Marketside Frozen Spinich
FOODS_2_074,FOODS_2,4148,0.99,18.0,Horizon Breakfast Burritos
FOODS_2_052,FOODS_2,4146,0.87,18.0,Kelloggs Ice Cream (Vanilla Bean)
FOODS_3_214,FOODS_3,4143,0.94,25.0,General Mills Pretzels
FOODS_3_225,FOODS_3,4135,1.08,32.0,Marketside Strawberry Jam
FOODS_1_040,FOODS_1,4130,1.39,50.0,Chobani Cream Cheese Spread
FOODS_3_644,FOODS_3,4119,0.0,80.0,Kelloggs Instant Coffee
FOODS_3_028,FOODS_3,4119,1.66,52.0,Stonyfield Pretzels
FOODS_1_206,FOODS_1,4114,1.36,45.0,Nature Valley Cage Free Brown Eggs
FOODS_2_356,FOODS_2,4113,0.95,20.0,Kelloggs Pork Loin Chops
FOODS_3_383,FOODS_3,4100,0.95,29.0,Quaker Yellow Onions
FOODS_2_003,FOODS_2,4096,0.87,14.0,Nestle Beef Patties (1/4 lb)
FOODS_2_024,FOODS_2,4073,0.77,8.0,Chobani Raw Shrimp (Peeled)
FOODS_2_376,FOODS_2,4068,0.84,37.0,Chobani Corned Beef
FOODS_3_519,FOODS_3,4064,1.01,13.0,Dole Roasted Peanuts
FOODS_1_192,FOODS_1,4063,1.08,83.0,Great Value Cottage Cheese (Low Fat)
FOODS_3_208,FOODS_3,4049,1.15,33.0,Great Value Chocolate Chip Cookies
FOODS_2_170,FOODS_2,4001,0.84,21.0,Horizon Hot Dogs (8ct)
FOODS_2_333,FOODS_2,3998,1.01,18.0,Annie's Beef Patties (1/4 lb)
FOODS_3_398,FOODS_3,3988,0.77,12.0,Nature Valley Avocados (Hass)
FOODS_3_439,FOODS_3,3988,0.55,2.0,Dole Baby Carrots Bag
FOODS_1_209,FOODS_1,3983,0.98,80.0,Marketside Whipped Topping
FOODS_2_059,FOODS_2,3956,0.53,0.0,Silk Veggie Burgers
FOODS_1_103,FOODS_1,3949,1.69,49.0,Dole Orange Juice (No Pulp)
FOODS_1_094,FOODS_1,3935,1.24,29.0,Nature Valley Unsalted Sweet Cream Butter
FOODS_1_139,FOODS_1,3928,0.76,18.0,Silk Swiss Cheese Slices
FOODS_2_399,FOODS_2,3923,0.72,16.0,Quaker Frozen Chicken Nuggets
FOODS_3_504,FOODS_3,3900,0.6,21.0,Chobani Strawberry Jam
FOODS_3_178,FOODS_3,3894,0.9,39.0,Organic Valley Roasted Peanuts
FOODS_1_208,FOODS_1,3884,1.01,24.0,Great Value Parmesan Shaker
FOODS_3_163,FOODS_3,3872,0.73,10.0,Nestle Strawberry Jam
FOODS_3_386,FOODS_3,3866,0.68,24.0,Organic Valley Honey Nut Cereal
FOODS_3_326,FOODS_3,3857,1.31,27.0,General Mills Spaghetti Noodles
FOODS_3_310,FOODS_3,3854,0.98,28.0,General Mills Organic Bananas (Bunch)
FOODS_3_820,FOODS_3,3837,0.72,18.0,Kelloggs Honey Nut Cereal
FOODS_3_195,FOODS_3,3835,0.76,30.0,Nestle Russet Potatoes (5lb)
FOODS_3_533,FOODS_3,3831,1.06,25.0,Kraft Whole Wheat Bread
FOODS_3_712,FOODS_3,3818,1.07,34.0,Chobani English Muffins
FOODS_3_497,FOODS_3,3816,1.61,43.0,Marketside Red Gala Apples
FOODS_3_100,FOODS_3,3816,0.82,20.0,Kelloggs Peanut Butter (Creamy)
FOODS_2_311,FOODS_2,3792,0.8,19.0,Dole Beef Chuck Roast
FOODS_3_747,FOODS_3,3772,0.9,19.0,Silk Potato Chips (Classic)
FOODS_2_225,FOODS_2,3765,0.69,25.0,Marketside Meatball Sub Kit
FOODS_2_182,FOODS_2,3759,0.98,23.0,General Mills Frozen Pepperoni Pizza
FOODS_3_428,FOODS_3,3757,1.15,37.0,Stonyfield Green Seedless Grapes
FOODS_1_069,FOODS_1,3754,0.86,16.0,Kraft Almond Milk (Unsweetened)
FOODS_3_708,FOODS_3,3754,1.37,40.0,Kelloggs Avocados (Hass)
FOODS_3_448,FOODS_3,3750,0.72,56.0,Great Value Honey Nut Cereal
FOODS_2_063,FOODS_2,3735,0.76,12.0,Quaker Beef Patties (1/4 lb)
FOODS_3_615,FOODS_3,3727,1.7,42.0,Dole Avocados (Hass)
FOODS_1_047,FOODS_1,3719,1.16,32.0,Quaker Margarine Tub
FOODS_2_391,FOODS_2,3718,0.76,37.0,Dole Ground Beef (93% Lean)
FOODS_2_232,FOODS_2,3717,1.16,35.0,Chobani Ice Cream (Vanilla Bean)
FOODS_2_307,FOODS_2,3716,0.87,26.0,Nestle Frozen Mixed Berries
FOODS_1_005,FOODS_1,3709,1.04,20.0,Kraft Cheddar Cheese Block
FOODS_2_065,FOODS_2,3702,0.95,44.0,Marketside Frozen Broccoli Florets
FOODS_3_568,FOODS_3,3699,0.59,13.0,Chobani White Rice (2lb)
FOODS_1_153,FOODS_1,3692,1.1,37.0,Tyson Greek Strawberry Yogurt
FOODS_3_199,FOODS_3,3690,1.33,47.0,Dole Sparkling Water (Lime)
FOODS_3_370,FOODS_3,3686,0.38,0.0,Organic Valley Fruit Snacks
FOODS_3_388,FOODS_3,3679,0.8,15.0,Kelloggs Spaghetti Noodles
FOODS_2_257,FOODS_2,3679,1.17,77.0,Marketside Frozen Waffles
FOODS_3_771,FOODS_3,3678,0.85,36.0,Nestle Bagged Salad Mix
FOODS_2_146,FOODS_2,3664,0.77,44.0,Organic Valley Pork Loin Chops
FOODS_3_581,FOODS_3,3661,0.98,27.0,Kraft Roasted Peanuts
FOODS_3_106,FOODS_3,3653,0.97,9.0,Horizon Sparkling Water (Lime)
FOODS_2_175,FOODS_2,3653,1.16,28.0,Quaker Frozen Lasagna
FOODS_2_138,FOODS_2,3649,1.11,26.0,Horizon Tilapia Fillets
FOODS_1_024,FOODS_1,3646,1.62,34.0,Chobani Chocolate Milk
FOODS_3_187,FOODS_3,3636,0.78,24.0,Silk Red Gala Apples
FOODS_3_759,FOODS_3,3614,0.93,39.0,Dole Marinara Pasta Sauce
FOODS_3_438,FOODS_3,3599,1.11,35.0,General Mills Classic Cola 2L
FOODS_3_335,FOODS_3,3597,0.99,26.0,Quaker Green Seedless Grapes
FOODS_3_280,FOODS_3,3594,1.0,35.0,Chobani Red Gala Apples
FOODS_1_092,FOODS_1,3593,1.59,28.0,Stonyfield Large Grade A Eggs (12ct)
FOODS_1_190,FOODS_1,3580,2.12,42.0,Nature Valley Cream Cheese Spread
FOODS_2_112,FOODS_2,3579,0.79,14.0,Great Value Ice Cream (Vanilla Bean)
FOODS_2_322,FOODS_2,3566,1.2,33.0,Organic Valley Ice Cream (Vanilla Bean)
FOODS_3_271,FOODS_3,3557,5.29,75.0,Quaker Roasted Peanuts
FOODS_3_356,FOODS_3,3548,0.78,17.0,Kelloggs Marinara Pasta Sauce
FOODS_2_080,FOODS_2,3541,1.12,78.0,Great Value Hot Dogs (8ct)
FOODS_3_024,FOODS_3,3538,5.29,51.0,Chobani Instant Coffee
FOODS_3_513,FOODS_3,3518,0.71,14.0,Marketside Granola Bars (Oats)
FOODS_3_308,FOODS_3,3518,0.99,43.0,Kelloggs Fruit Snacks
FOODS_3_577,FOODS_3,3506,0.69,43.0,Marketside Black Beans (15oz)
FOODS_3_502,FOODS_3,3504,0.84,12.0,General Mills Whole Wheat Bread
FOODS_3_032,FOODS_3,3495,0.58,7.0,Great Value Red Gala Apples
FOODS_2_351,FOODS_2,3495,1.18,30.0,Quaker Frozen Spinich
FOODS_3_423,FOODS_3,3492,0.48,12.0,Dole Iceberg Lettuce
FOODS_1_123,FOODS_1,3491,1.29,19.0,Silk Greek Strawberry Yogurt
FOODS_1_074,FOODS_1,3488,1.11,29.0,Horizon Probiotic Drink
FOODS_3_162,FOODS_3,3483,1.52,46.0,Organic Valley Peanut Butter (Creamy)
FOODS_1_037,FOODS_1,3473,1.11,27.0,Kraft Sour Cream (16oz)
FOODS_3_509,FOODS_3,3472,1.27,22.0,Annie's Sparkling Water (Lime)
FOODS_3_768,FOODS_3,3444,0.82,3.0,Great Value Instant Coffee
FOODS_3_611,FOODS_3,3440,1.19,43.0,Nestle Chocolate Chip Cookies
FOODS_2_309,FOODS_2,3438,0.9,17.0,Kraft Frozen Chicken Nuggets
FOODS_3_276,FOODS_3,3415,5.29,74.0,Kelloggs Pretzels
FOODS_2_192,FOODS_2,3413,1.1,36.0,Great Value Frozen French Fries
FOODS_3_207,FOODS_3,3412,1.18,44.0,Quaker Roma Tomatoes
FOODS_2_189,FOODS_2,3411,0.8,21.0,Annie's Frozen Chicken Nuggets
FOODS_3_730,FOODS_3,3402,1.17,44.0,Horizon Granola Bars (Oats)
FOODS_2_242,FOODS_2,3397,2.67,51.0,Organic Valley Frozen Pepperoni Pizza
FOODS_1_127,FOODS_1,3394,1.34,38.0,Quaker Sour Cream (16oz)
FOODS_2_396,FOODS_2,3389,0.77,11.0,Stonyfield Pork Sausage Links
FOODS_3_515,FOODS_3,3383,0.82,8.0,Nestle Black Beans (15oz)
FOODS_3_706,FOODS_3,3368,0.58,5.0,Organic Valley Instant Coffee
FOODS_3_685,FOODS_3,3368,1.47,18.0,Annie's Potato Chips (Classic)
FOODS_3_415,FOODS_3,3366,0.97,43.0,Quaker Tortilla Chips
FOODS_2_067,FOODS_2,3365,1.55,86.0,Nestle Frozen Mixed Berries
FOODS_3_029,FOODS_3,3365,1.16,33.0,Annie's Fruit Snacks
FOODS_1_042,FOODS_1,3360,0.8,9.0,Horizon Cottage Cheese (Low Fat)
FOODS_1_044,FOODS_1,3356,0.82,70.0,Stonyfield Probiotic Drink
FOODS_3_514,FOODS_3,3346,0.86,17.0,Organic Valley Canned Sweet Corn
FOODS_3_112,FOODS_3,3336,0.62,3.0,Great Value Black Beans (15oz)
FOODS_3_077,FOODS_3,3332,0.99,50.0,Annie's Marinara Pasta Sauce
FOODS_3_718,FOODS_3,3332,1.35,38.0,Nature Valley Baby Carrots Bag
FOODS_3_810,FOODS_3,3326,1.21,42.0,Horizon Classic Cola 2L
FOODS_1_175,FOODS_1,3326,1.48,46.0,Quaker Soy Milk (Vanilla)
FOODS_2_079,FOODS_2,3319,0.58,11.0,Quaker Turkey Bacon
FOODS_3_433,FOODS_3,3306,0.98,23.0,Marketside English Muffins
FOODS_2_184,FOODS_2,3295,0.62,15.0,Chobani Smoked Turkey Deli Slices
FOODS_3_797,FOODS_3,3287,0.84,14.0,Annie's Chocolate Chip Cookies
FOODS_3_463,FOODS_3,3286,1.14,40.0,Quaker Fruit Snacks
FOODS_1_216,FOODS_1,3266,1.26,38.0,Chobani String Cheese Snacks
FOODS_3_091,FOODS_3,3251,1.15,33.0,Silk Fruit Snacks
FOODS_2_144,FOODS_2,3248,1.01,32.0,Great Value Raw Shrimp (Peeled)
FOODS_3_387,FOODS_3,3247,1.25,50.0,Nestle Marinara Pasta Sauce
FOODS_3_212,FOODS_3,3238,0.65,27.0,Kelloggs Avocados (Hass)
FOODS_3_583,FOODS_3,3235,0.74,4.0,Dole Green Seedless Grapes
FOODS_3_495,FOODS_3,3230,1.66,38.0,Quaker English Muffins
FOODS_2_291,FOODS_2,3230,0.73,17.0,Nestle Frozen Spinich
FOODS_2_051,FOODS_2,3226,2.09,43.0,Nestle Frozen Spinich
FOODS_2_327,FOODS_2,3221,0.97,41.0,Dole Breaded Fish Sticks
FOODS_3_450,FOODS_3,3220,0.7,21.0,Organic Valley Spaghetti Noodles
FOODS_2_093,FOODS_2,3205,1.05,35.0,Annie's Beef Patties (1/4 lb)
FOODS_2_134,FOODS_2,3203,0.93,22.0,General Mills Breakfast Burritos
FOODS_3_181,FOODS_3,3198,0.54,4.0,Kraft Avocados (Hass)
FOODS_3_098,FOODS_3,3198,0.96,26.0,Organic Valley Baby Carrots Bag
FOODS_3_585,FOODS_3,3197,0.91,18.0,Tyson Bagged Salad Mix
FOODS_3_705,FOODS_3,3197,0.82,44.0,Marketside Roasted Peanuts
FOODS_3_451,FOODS_3,3191,1.3,45.0,Nestle Granola Bars (Oats)
FOODS_3_765,FOODS_3,3190,0.99,34.0,Annie's Roma Tomatoes
FOODS_3_306,FOODS_3,3178,1.72,33.0,Organic Valley Bagged Salad Mix
FOODS_3_034,FOODS_3,3153,0.75,12.0,Organic Valley Potato Chips (Classic)
FOODS_2_245,FOODS_2,3145,0.99,30.0,Kraft Frozen Broccoli Florets
FOODS_2_303,FOODS_2,3142,1.35,82.0,Quaker Beef Patties (1/4 lb)
FOODS_3_185,FOODS_3,3142,0.97,22.0,Tyson English Muffins
FOODS_1_112,FOODS_1,3138,1.07,35.0,Great Value Salted Butter Sticks
FOODS_2_321,FOODS_2,3133,0.86,24.0,Marketside Frozen Spinich
FOODS_1_054,FOODS_1,3126,1.08,43.0,General Mills Chocolate Milk
FOODS_3_071,FOODS_3,3117,0.84,53.0,Dole Russet Potatoes (5lb)
FOODS_1_006,FOODS_1,3110,1.76,46.0,General Mills String Cheese Snacks
FOODS_3_569,FOODS_3,3107,1.02,22.0,Tyson Yellow Onions
FOODS_3_277,FOODS_3,3091,1.17,25.0,Kraft Fruit Snacks
FOODS_3_237,FOODS_3,3087,1.37,35.0,Annie's Iceberg Lettuce
FOODS_2_026,FOODS_2,3082,0.91,38.0,Horizon Pork Loin Chops
FOODS_3_467,FOODS_3,3074,1.25,33.0,Nestle Sliced White Bread
FOODS_3_411,FOODS_3,3071,0.99,48.0,Silk Strawberry Jam
FOODS_3_489,FOODS_3,3060,0.68,12.0,Tyson Instant Coffee
FOODS_3_069,FOODS_3,3047,0.0,99.0,Kraft Peanut Butter (Creamy)
FOODS_2_340,FOODS_2,3033,1.15,37.0,Kelloggs Honey Ham Slices
FOODS_3_320,FOODS_3,3031,1.01,29.0,Great Value White Rice (2lb)
FOODS_2_364,FOODS_2,3030,0.67,14.0,Stonyfield Smoked Turkey Deli Slices
FOODS_2_282,FOODS_2,3026,1.14,45.0,Horizon Frozen French Fries
FOODS_3_246,FOODS_3,3021,0.0,46.0,General Mills Fruit Snacks
FOODS_3_532,FOODS_3,3010,0.83,7.0,Kelloggs Baby Carrots Bag
FOODS_3_081,FOODS_3,3010,1.02,26.0,Marketside Black Beans (15oz)
FOODS_3_065,FOODS_3,3009,1.22,36.0,Marketside Potato Chips (Classic)
FOODS_3_604,FOODS_3,3007,0.86,26.0,Stonyfield Marinara Pasta Sauce
FOODS_3_102,FOODS_3,2999,1.05,51.0,General Mills Russet Potatoes (5lb)
FOODS_3_167,FOODS_3,2999,1.09,7.0,Dole Tortilla Chips
FOODS_2_049,FOODS_2,2994,0.88,16.0,Marketside Turkey Bacon
FOODS_3_591,FOODS_3,2994,1.05,27.0,Quaker Sliced White Bread
FOODS_3_334,FOODS_3,2993,1.07,26.0,Nature Valley Instant Coffee
FOODS_2_196,FOODS_2,2981,0.79,24.0,Kelloggs Corned Beef
FOODS_3_347,FOODS_3,2978,1.16,16.0,Silk Whole Wheat Bread
FOODS_3_616,FOODS_3,2976,0.84,14.0,Chobani Bagged Salad Mix
FOODS_3_496,FOODS_3,2972,0.95,27.0,Great Value Organic Bananas (Bunch)
FOODS_3_261,FOODS_3,2964,0.44,9.0,Kraft Sparkling Water (Lime)
FOODS_2_104,FOODS_2,2962,0.97,42.0,Chobani Breakfast Burritos
FOODS_2_014,FOODS_2,2960,1.11,35.0,Nature Valley Breakfast Burritos
FOODS_1_096,FOODS_1,2955,0.78,25.0,Great Value String Cheese Snacks
FOODS_2_348,FOODS_2,2953,0.82,28.0,Stonyfield Tilapia Fillets
FOODS_3_493,FOODS_3,2929,1.19,41.0,Annie's Pretzels
FOODS_2_156,FOODS_2,2926,1.34,68.0,Stonyfield Pork Sausage Links
FOODS_1_168,FOODS_1,2925,1.45,47.0,Chobani Shredded Mozzarella
FOODS_2_385,FOODS_2,2921,0.94,32.0,Marketside Frozen Lasagna
FOODS_2_060,FOODS_2,2899,0.88,39.0,Stonyfield Chicken Breast (Boneless)
FOODS_3_336,FOODS_3,2896,1.51,63.0,Great Value Avocados (Hass)
FOODS_3_328,FOODS_3,2895,1.06,34.0,Chobani Canned Sweet Corn
FOODS_3_242,FOODS_3,2892,0.72,15.0,Organic Valley Green Seedless Grapes
FOODS_1_205,FOODS_1,2891,0.9,20.0,Annie's Soy Milk (Vanilla)
FOODS_1_124,FOODS_1,2886,1.37,55.0,Stonyfield Unsalted Sweet Cream Butter
FOODS_2_255,FOODS_2,2880,1.9,64.0,Quaker Meatball Sub Kit
FOODS_3_211,FOODS_3,2866,1.19,39.0,Nestle Green Seedless Grapes
FOODS_2_033,FOODS_2,2865,0.49,0.0,Marketside Beef Patties (1/4 lb)
FOODS_3_645,FOODS_3,2865,0.99,50.0,Kraft Green Seedless Grapes
FOODS_3_012,FOODS_3,2856,0.99,53.0,Stonyfield Tortilla Chips
FOODS_2_361,FOODS_2,2839,0.74,26.0,Tyson Ground Beef (93% Lean)
FOODS_3_182,FOODS_3,2838,1.5,43.0,General Mills Bagged Salad Mix
FOODS_3_205,FOODS_3,2823,1.36,85.0,Annie's Black Beans (15oz)
FOODS_3_559,FOODS_3,2819,1.27,52.0,Quaker Red Gala Apples
FOODS_2_055,FOODS_2,2816,0.88,37.0,Dole Frozen Lasagna
FOODS_3_536,FOODS_3,2816,1.98,48.0,Chobani Russet Potatoes (5lb)
FOODS_2_042,FOODS_2,2809,2.0,81.0,Horizon Frozen French Fries
FOODS_3_019,FOODS_3,2783,0.68,27.0,Nestle Black Beans (15oz)
FOODS_2_047,FOODS_2,2783,1.17,36.0,Quaker Frozen Waffles
FOODS_3_700,FOODS_3,2776,0.57,35.0,Stonyfield Canned Sweet Corn
FOODS_3_186,FOODS_3,2760,1.17,46.0,Horizon Organic Bananas (Bunch)
FOODS_2_115,FOODS_2,2752,0.41,3.0,Nestle Frozen Lasagna
FOODS_2_171,FOODS_2,2752,0.98,31.0,Silk Frozen Spinich
FOODS_1_143,FOODS_1,2751,3.12,43.0,Quaker Blueberry Yogurt 4pk
FOODS_3_609,FOODS_3,2751,0.53,6.0,Marketside Iceberg Lettuce
FOODS_3_656,FOODS_3,2740,1.21,36.0,Great Value Baby Carrots Bag
FOODS_3_096,FOODS_3,2735,1.08,38.0,Great Value Potato Chips (Classic)
FOODS_1_038,FOODS_1,2729,0.95,40.0,General Mills Heavy Whipping Cream
FOODS_3_487,FOODS_3,2712,0.55,5.0,Dole Chocolate Chip Cookies
FOODS_3_618,FOODS_3,2703,1.17,47.0,Horizon Fruit Snacks
FOODS_3_827,FOODS_3,2703,0.66,3.0,Silk Roma Tomatoes
FOODS_2_382,FOODS_2,2698,1.94,39.0,Nature Valley Ice Cream (Vanilla Bean)
FOODS_3_322,FOODS_3,2694,0.96,23.0,Organic Valley Tortilla Chips
FOODS_2_009,FOODS_2,2691,1.76,63.0,Tyson Frozen Chicken Nuggets
FOODS_2_025,FOODS_2,2654,0.44,14.0,Tyson Frozen Lasagna
FOODS_3_382,FOODS_3,2641,0.88,31.0,Nature Valley White Rice (2lb)
FOODS_2_173,FOODS_2,2639,0.88,15.0,Annie's Salami Trio
FOODS_3_631,FOODS_3,2633,1.27,31.0,Dole Yellow Onions
FOODS_3_775,FOODS_3,2625,1.4,38.0,Dole Organic Bananas (Bunch)
FOODS_3_675,FOODS_3,2619,0.69,34.0,Nestle Instant Coffee
FOODS_1_129,FOODS_1,2618,0.76,32.0,Marketside Almond Milk (Unsweetened)
FOODS_2_220,FOODS_2,2615,1.45,45.0,Stonyfield Honey Ham Slices
FOODS_3_589,FOODS_3,2614,1.49,81.0,Annie's Organic Bananas (Bunch)
FOODS_1_182,FOODS_1,2613,1.16,31.0,General Mills Large Grade A Eggs (12ct)
FOODS_3_200,FOODS_3,2611,1.43,47.0,Chobani Honey Nut Cereal
FOODS_3_155,FOODS_3,2600,1.59,55.0,Silk Organic Bananas (Bunch)
FOODS_2_229,FOODS_2,2583,1.56,90.0,Kraft Turkey Bacon
FOODS_3_331,FOODS_3,2570,0.93,21.0,Silk Roma Tomatoes
FOODS_2_352,FOODS_2,2560,0.48,1.0,Great Value Ice Cream (Vanilla Bean)
FOODS_3_657,FOODS_3,2554,1.28,38.0,Marketside Whole Wheat Bread
FOODS_2_106,FOODS_2,2551,0.89,36.0,Horizon Corned Beef
FOODS_3_174,FOODS_3,2547,0.86,21.0,Nature Valley Black Beans (15oz)
FOODS_2_143,FOODS_2,2545,0.85,35.0,Quaker Salami Trio
FOODS_2_167,FOODS_2,2539,1.08,21.0,Dole Frozen Waffles
FOODS_1_204,FOODS_1,2538,1.22,28.0,Stonyfield Chocolate Milk
FOODS_3_464,FOODS_3,2538,1.05,37.0,Great Value English Muffins
FOODS_3_048,FOODS_3,2529,1.61,50.0,Great Value Granola Bars (Oats)
FOODS_3_726,FOODS_3,2528,0.84,32.0,General Mills Sparkling Water (Lime)
FOODS_3_381,FOODS_3,2521,0.53,40.0,Annie's Russet Potatoes (5lb)
FOODS_3_128,FOODS_3,2520,1.01,70.0,Great Value Classic Cola 2L
FOODS_2_153,FOODS_2,2519,0.97,25.0,Tyson Beef Patties (1/4 lb)
FOODS_3_666,FOODS_3,2518,1.05,61.0,Horizon Marinara Pasta Sauce
FOODS_1_035,FOODS_1,2515,1.05,36.0,Nestle Cheddar Cheese Block
FOODS_2_109,FOODS_2,2509,0.99,33.0,Annie's Turkey Bacon
FOODS_3_761,FOODS_3,2503,0.92,43.0,Tyson Granola Bars (Oats)
FOODS_3_269,FOODS_3,2501,0.72,32.0,Annie's Roma Tomatoes
FOODS_2_062,FOODS_2,2497,1.07,40.0,Nature Valley Frozen Pepperoni Pizza
FOODS_2_174,FOODS_2,2495,1.49,58.0,Nature Valley Raw Shrimp (Peeled)
FOODS_2_346,FOODS_2,2487,0.45,1.0,Horizon Corned Beef
FOODS_1_065,FOODS_1,2474,1.18,38.0,Marketside Cheddar Cheese Block
FOODS_3_015,FOODS_3,2459,0.95,45.0,Quaker Marinara Pasta Sauce
FOODS_2_092,FOODS_2,2456,1.2,47.0,Stonyfield Frozen Pepperoni Pizza
FOODS_3_659,FOODS_3,2444,1.1,58.0,Nestle Strawberry Jam
FOODS_2_078,FOODS_2,2439,0.59,11.0,Nature Valley Tilapia Fillets
FOODS_2_083,FOODS_2,2427,1.11,47.0,Nestle Salami Trio
FOODS_3_410,FOODS_3,2422,1.12,51.0,Horizon Peanut Butter (Creamy)
FOODS_3_046,FOODS_3,2420,1.65,35.0,Nature Valley Marinara Pasta Sauce
FOODS_3_803,FOODS_3,2418,0.94,21.0,Nestle Pretzels
FOODS_1_214,FOODS_1,2415,1.3,37.0,General Mills Unsalted Sweet Cream Butter
FOODS_3_051,FOODS_3,2413,0.8,39.0,Nestle Iceberg Lettuce
FOODS_2_262,FOODS_2,2413,1.02,29.0,General Mills Ice Cream (Vanilla Bean)
FOODS_2_099,FOODS_2,2412,1.25,43.0,Nestle Frozen Chicken Nuggets
FOODS_2_266,FOODS_2,2410,0.74,26.0,Horizon Pork Loin Chops
FOODS_3_461,FOODS_3,2407,1.48,57.0,Annie's Bagged Salad Mix
FOODS_3_523,FOODS_3,2401,0.81,10.0,Silk Bagged Salad Mix
FOODS_3_002,FOODS_3,2395,1.46,59.0,Organic Valley Sliced White Bread
FOODS_3_333,FOODS_3,2395,0.81,18.0,Annie's Roasted Peanuts
FOODS_3_025,FOODS_3,2393,0.86,37.0,Tyson Green Seedless Grapes
FOODS_3_175,FOODS_3,2389,2.17,57.0,Quaker Iceberg Lettuce
FOODS_2_038,FOODS_2,2387,1.2,31.0,General Mills Atlantic Salmon Fillet
FOODS_2_176,FOODS_2,2386,0.91,44.0,Great Value Pork Loin Chops
FOODS_3_538,FOODS_3,2386,1.23,87.0,Horizon Yellow Onions
FOODS_3_488,FOODS_3,2378,1.11,38.0,Chobani Roasted Peanuts
FOODS_2_142,FOODS_2,2374,1.01,36.0,Nature Valley Ice Cream (Vanilla Bean)
FOODS_1_041,FOODS_1,2368,0.92,29.0,Tyson Oat Milk (Barista Blend)
FOODS_3_146,FOODS_3,2366,0.71,5.0,Organic Valley Chocolate Chip Cookies
FOODS_3_316,FOODS_3,2364,0.83,38.0,Stonyfield Whole Wheat Bread
FOODS_2_005,FOODS_2,2363,0.76,58.0,Kraft Frozen Broccoli Florets
FOODS_2_034,FOODS_2,2363,0.98,22.0,Organic Valley Smoked Turkey Deli Slices
FOODS_2_344,FOODS_2,2356,0.9,24.0,Chobani Breakfast Burritos
FOODS_1_116,FOODS_1,2354,1.44,36.0,Kelloggs Cage Free Brown Eggs
FOODS_2_107,FOODS_2,2343,1.27,42.0,Silk Frozen Waffles
FOODS_1_015,FOODS_1,2330,1.35,38.0,Quaker Liquid Egg Whites
FOODS_1_001,FOODS_1,2329,1.68,54.0,Marketside 2% Reduced Fat Milk
FOODS_3_190,FOODS_3,2323,0.91,20.0,Nature Valley Classic Cola 2L
FOODS_3_731,FOODS_3,2310,0.68,6.0,Silk Canned Sweet Corn
FOODS_3_160,FOODS_3,2310,1.44,68.0,Great Value Baby Carrots Bag
FOODS_3_357,FOODS_3,2301,1.21,49.0,Kraft Spaghetti Noodles
FOODS_2_035,FOODS_2,2291,0.47,4.0,Nestle Frozen Broccoli Florets
FOODS_3_373,FOODS_3,2286,1.06,47.0,Kraft Red Gala Apples
FOODS_3_470,FOODS_3,2282,1.13,42.0,General Mills Baby Carrots Bag
FOODS_3_520,FOODS_3,2281,0.67,27.0,Chobani Instant Coffee
FOODS_1_178,FOODS_1,2281,1.27,40.0,Organic Valley Parmesan Shaker
FOODS_3_293,FOODS_3,2276,3.89,81.0,Kraft Honey Nut Cereal
FOODS_3_605,FOODS_3,2270,0.86,46.0,Annie's Spaghetti Noodles
FOODS_1_090,FOODS_1,2270,1.06,32.0,Horizon Whole Milk (1 gal)
FOODS_3_074,FOODS_3,2265,0.82,9.0,Horizon Tortilla Chips
FOODS_3_537,FOODS_3,2265,0.74,24.0,Tyson White Rice (2lb)
FOODS_2_201,FOODS_2,2264,0.58,7.0,Tyson Frozen Spinich
FOODS_3_153,FOODS_3,2261,0.85,39.0,Tyson Fruit Snacks
FOODS_2_072,FOODS_2,2260,1.13,46.0,Chobani Frozen French Fries
FOODS_2_230,FOODS_2,2257,1.3,81.0,General Mills Hot Dogs (8ct)
FOODS_3_344,FOODS_3,2254,0.92,14.0,Chobani Potato Chips (Classic)
FOODS_3_663,FOODS_3,2250,1.06,29.0,Dole Tortilla Chips
FOODS_1_130,FOODS_1,2235,0.69,24.0,Organic Valley Cream Cheese Spread
FOODS_1_163,FOODS_1,2233,1.11,31.0,Nestle Orange Juice (No Pulp)
FOODS_3_129,FOODS_3,2228,0.61,26.0,Marketside Baby Carrots Bag
FOODS_2_353,FOODS_2,2224,1.35,50.0,Marketside Salami Trio
FOODS_3_560,FOODS_3,2223,0.75,12.0,Great Value Sliced White Bread
FOODS_3_422,FOODS_3,2221,0.77,14.0,General Mills Black Beans (15oz)
FOODS_3_239,FOODS_3,2218,1.07,41.0,Quaker Chocolate Chip Cookies
FOODS_3_092,FOODS_3,2212,3.2,48.0,Stonyfield English Muffins
FOODS_2_022,FOODS_2,2203,1.0,41.0,General Mills Ice Cream (Vanilla Bean)
FOODS_3_571,FOODS_3,2202,1.9,47.0,Silk Sparkling Water (Lime)
FOODS_3_653,FOODS_3,2199,0.74,15.0,Annie's Sliced White Bread
FOODS_2_398,FOODS_2,2194,0.98,31.0,Nature Valley Atlantic Salmon Fillet
FOODS_3_784,FOODS_3,2193,1.23,51.0,Great Value Russet Potatoes (5lb)
FOODS_3_141,FOODS_3,2190,1.78,50.0,Annie's Granola Bars (Oats)
FOODS_3_684,FOODS_3,2184,1.02,24.0,Stonyfield Sliced White Bread
FOODS_1_021,FOODS_1,2181,1.41,36.0,Kraft Pepper Jack Cubes
FOODS_3_624,FOODS_3,2180,2.74,38.0,Great Value Classic Cola 2L
FOODS_1_115,FOODS_1,2173,1.07,41.0,Nestle Soy Milk (Vanilla)
FOODS_1_028,FOODS_1,2171,1.32,73.0,Stonyfield Parmesan Shaker
FOODS_2_135,FOODS_2,2166,1.36,49.0,Dole Meatball Sub Kit
FOODS_3_525,FOODS_3,2154,1.07,34.0,Annie's Fruit Snacks
FOODS_3_629,FOODS_3,2146,1.11,37.0,Kraft Russet Potatoes (5lb)
FOODS_2_211,FOODS_2,2141,1.31,49.0,Nestle Ground Beef (93% Lean)
FOODS_2_334,FOODS_2,2134,0.55,7.0,Nature Valley Smoked Turkey Deli Slices
FOODS_3_606,FOODS_3,2130,1.06,21.0,Nature Valley Granola Bars (Oats)
FOODS_3_183,FOODS_3,2127,0.8,20.0,Dole Pretzels
FOODS_1_097,FOODS_1,2127,0.98,26.0,Marketside Sour Cream (16oz)
FOODS_2_316,FOODS_2,2106,0.45,58.0,Stonyfield Corned Beef
FOODS_2_375,FOODS_2,2104,1.11,46.0,Dole Meatball Sub Kit
FOODS_1_080,FOODS_1,2098,2.68,56.0,Great Value Vanilla Bean Yogurt
FOODS_2_157,FOODS_2,2097,1.21,35.0,Annie's Frozen Mixed Berries
FOODS_1_051,FOODS_1,2096,0.85,26.0,Nestle Pepper Jack Cubes
FOODS_1_145,FOODS_1,2096,0.91,26.0,Marketside Soy Milk (Vanilla)
FOODS_1_185,FOODS_1,2091,1.32,45.0,Tyson Cheddar Cheese Block
FOODS_1_195,FOODS_1,2089,1.79,55.0,Nestle Liquid Egg Whites
FOODS_3_035,FOODS_3,2085,1.79,60.0,Nestle Classic Cola 2L
FOODS_3_781,FOODS_3,2084,2.94,88.0,Annie's Whole Wheat Bread
FOODS_2_020,FOODS_2,2082,0.9,43.0,Kelloggs Hot Dogs (8ct)
FOODS_2_137,FOODS_2,2079,1.08,40.0,Tyson Frozen Waffles
FOODS_2_085,FOODS_2,2079,1.25,34.0,Kraft Frozen Lasagna
FOODS_3_414,FOODS_3,2065,1.1,38.0,Nature Valley Yellow Onions
FOODS_3_152,FOODS_3,2064,0.64,40.0,Chobani Pretzels
FOODS_3_078,FOODS_3,2058,1.87,71.0,Nature Valley Spaghetti Noodles
FOODS_3_001,FOODS_3,2052,0.87,32.0,Marketside Red Gala Apples
FOODS_3_698,FOODS_3,2048,0.82,36.0,Horizon Spaghetti Noodles
FOODS_3_405,FOODS_3,2045,0.94,32.0,Kraft Sliced White Bread
FOODS_2_302,FOODS_2,2041,0.91,23.0,Nature Valley Frozen Pepperoni Pizza
FOODS_3_599,FOODS_3,2039,0.66,11.0,Dole White Rice (2lb)
FOODS_2_219,FOODS_2,2034,0.85,32.0,Silk Frozen Chicken Nuggets
FOODS_3_222,FOODS_3,2032,0.94,30.0,Nature Valley Baby Carrots Bag
FOODS_3_057,FOODS_3,2027,1.58,60.0,Tyson Avocados (Hass)
FOODS_3_197,FOODS_3,2019,1.76,48.0,Kraft Yellow Onions
FOODS_3_130,FOODS_3,2016,1.19,46.0,Organic Valley Whole Wheat Bread
FOODS_2_070,FOODS_2,2014,5.29,76.0,General Mills Honey Ham Slices
FOODS_3_325,FOODS_3,2013,1.08,39.0,Kraft Marinara Pasta Sauce
FOODS_3_603,FOODS_3,2013,0.92,15.0,Silk Honey Nut Cereal
FOODS_2_149,FOODS_2,2008,1.45,32.0,Kraft Veggie Burgers
FOODS_1_152,FOODS_1,2005,1.48,49.0,Chobani Large Grade A Eggs (12ct)
FOODS_1_003,FOODS_1,2005,1.28,49.0,Nestle Greek Strawberry Yogurt
FOODS_3_286,FOODS_3,2002,0.87,37.0,Nature Valley Peanut Butter (Creamy)
FOODS_1_207,FOODS_1,2002,1.01,32.0,Quaker Ricotta Cheese
FOODS_3_384,FOODS_3,1999,1.76,54.0,Great Value Tortilla Chips
FOODS_3_352,FOODS_3,1997,0.98,45.0,Great Value Yellow Onions
FOODS_2_126,FOODS_2,1994,1.42,30.0,Nature Valley Pork Sausage Links
FOODS_3_748,FOODS_3,1993,0.6,27.0,Stonyfield Classic Cola 2L
FOODS_1_066,FOODS_1,1986,1.87,59.0,Organic Valley String Cheese Snacks
FOODS_3_825,FOODS_3,1983,0.72,16.0,Tyson Black Beans (15oz)
FOODS_3_707,FOODS_3,1978,1.39,87.0,Nestle Green Seedless Grapes
FOODS_3_287,FOODS_3,1978,1.2,45.0,Quaker Strawberry Jam
FOODS_3_094,FOODS_3,1972,0.81,22.0,Nature Valley Red Gala Apples
FOODS_1_117,FOODS_1,1971,1.3,44.0,Kraft Ricotta Cheese
FOODS_1_063,FOODS_1,1971,0.95,55.0,Quaker Greek Strawberry Yogurt
FOODS_2_216,FOODS_2,1966,0.93,29.0,Chobani Pork Sausage Links
FOODS_2_141,FOODS_2,1963,1.08,27.0,Annie's Frozen Spinich
FOODS_1_174,FOODS_1,1961,1.29,54.0,Nature Valley Chocolate Milk
FOODS_3_557,FOODS_3,1961,0.96,48.0,Annie's English Muffins
FOODS_1_138,FOODS_1,1960,1.25,32.0,Horizon Shredded Mozzarella
FOODS_3_494,FOODS_3,1959,1.87,57.0,Nature Valley Fruit Snacks
FOODS_3_253,FOODS_3,1958,0.65,12.0,Annie's Baby Carrots Bag
FOODS_1_072,FOODS_1,1958,1.18,33.0,Chobani Cottage Cheese (Low Fat)
FOODS_2_100,FOODS_2,1955,1.19,54.0,Kelloggs Honey Ham Slices
FOODS_3_123,FOODS_3,1948,1.44,66.0,Silk English Muffins
FOODS_1_076,FOODS_1,1945,0.69,29.0,Stonyfield Half & Half Creamer
FOODS_2_339,FOODS_2,1941,1.08,41.0,Nestle Frozen Chicken Nuggets
FOODS_3_671,FOODS_3,1936,1.11,44.0,Quaker Iceberg Lettuce
FOODS_1_128,FOODS_1,1928,1.73,55.0,Great Value Heavy Whipping Cream
FOODS_2_297,FOODS_2,1926,1.21,58.0,Tyson Breaded Fish Sticks
FOODS_3_392,FOODS_3,1923,1.05,35.0,Chobani Iceberg Lettuce
FOODS_3_243,FOODS_3,1916,1.15,42.0,Nestle Avocados (Hass)
FOODS_3_062,FOODS_3,1915,1.39,33.0,Nature Valley Organic Bananas (Bunch)
FOODS_3_058,FOODS_3,1911,0.96,17.0,Horizon Bagged Salad Mix
FOODS_1_049,FOODS_1,1906,1.68,64.0,Marketside Swiss Cheese Slices
FOODS_1_091,FOODS_1,1905,1.33,82.0,Silk 2% Reduced Fat Milk
FOODS_3_103,FOODS_3,1900,0.91,36.0,Dole White Rice (2lb)
FOODS_3_159,FOODS_3,1899,1.37,60.0,Quaker Classic Cola 2L
FOODS_3_395,FOODS_3,1896,1.37,61.0,Silk Roasted Peanuts
FOODS_3_539,FOODS_3,1893,1.45,54.0,Silk Tortilla Chips
FOODS_1_202,FOODS_1,1890,1.61,49.0,Horizon Salted Butter Sticks
FOODS_3_542,FOODS_3,1889,1.61,64.0,Nature Valley Marinara Pasta Sauce
FOODS_3_303,FOODS_3,1887,1.04,50.0,Quaker Instant Coffee
FOODS_3_213,FOODS_3,1883,1.18,34.0,Kraft Bagged Salad Mix
FOODS_3_294,FOODS_3,1876,0.71,38.0,General Mills Marinara Pasta Sauce
FOODS_1_213,FOODS_1,1876,1.99,67.0,Kraft Greek Strawberry Yogurt
FOODS_3_817,FOODS_3,1875,1.48,46.0,Marketside Yellow Onions
FOODS_2_145,FOODS_2,1869,0.76,3.0,Marketside Frozen Lasagna
FOODS_2_162,FOODS_2,1866,0.7,22.0,Organic Valley Frozen French Fries
FOODS_1_016,FOODS_1,1865,1.3,52.0,Great Value Half & Half Creamer
FOODS_2_263,FOODS_2,1854,1.39,32.0,Dole Salami Trio
FOODS_1_048,FOODS_1,1852,1.11,47.0,Great Value Shredded Mozzarella
FOODS_3_715,FOODS_3,1852,0.8,35.0,Silk Sliced White Bread
FOODS_3_354,FOODS_3,1844,0.81,21.0,Organic Valley Sparkling Water (Lime)
FOODS_3_593,FOODS_3,1830,1.11,34.0,Marketside Classic Cola 2L
FOODS_2_221,FOODS_2,1828,1.08,28.0,Annie's Beef Chuck Roast
FOODS_3_643,FOODS_3,1824,1.34,46.0,Nestle Roasted Peanuts
FOODS_3_545,FOODS_3,1824,1.33,27.0,Marketside Canned Sweet Corn
FOODS_2_218,FOODS_2,1819,0.78,23.0,Horizon Atlantic Salmon Fillet
FOODS_2_121,FOODS_2,1817,1.56,35.0,Tyson Ground Beef (93% Lean)
FOODS_3_579,FOODS_3,1814,1.1,37.0,Nestle Roma Tomatoes
FOODS_3_791,FOODS_3,1808,1.19,43.0,Dole Spaghetti Noodles
FOODS_1_009,FOODS_1,1806,0.94,74.0,Tyson Almond Milk (Unsweetened)
FOODS_2_125,FOODS_2,1803,0.94,44.0,Annie's Frozen Broccoli Florets
FOODS_3_361,FOODS_3,1802,0.66,13.0,Tyson Iceberg Lettuce
FOODS_3_314,FOODS_3,1799,1.2,57.0,Horizon Classic Cola 2L
FOODS_3_749,FOODS_3,1798,1.19,48.0,Annie's Baby Carrots Bag
FOODS_2_002,FOODS_2,1796,1.35,43.0,Organic Valley Frozen Pepperoni Pizza
FOODS_2_238,FOODS_2,1791,1.22,35.0,Nature Valley Frozen Peaches
FOODS_3_005,FOODS_3,1783,3.14,78.0,Kraft Baby Carrots Bag
FOODS_2_041,FOODS_2,1782,1.2,43.0,Tyson Beef Chuck Roast
FOODS_1_146,FOODS_1,1780,1.07,51.0,Organic Valley Cage Free Brown Eggs
FOODS_3_266,FOODS_3,1779,2.07,65.0,Horizon Canned Sweet Corn
FOODS_2_237,FOODS_2,1769,1.44,50.0,Annie's Breaded Fish Sticks
FOODS_2_223,FOODS_2,1769,1.56,83.0,Quaker Mixed Vegetable Medley
FOODS_2_330,FOODS_2,1757,1.27,56.0,Horizon Chicken Breast (Boneless)
FOODS_2_251,FOODS_2,1756,1.03,43.0,Silk Beef Chuck Roast
FOODS_2_010,FOODS_2,1754,1.21,44.0,Horizon Honey Ham Slices
FOODS_3_774,FOODS_3,1753,1.29,45.0,General Mills English Muffins
FOODS_1_132,FOODS_1,1749,1.12,50.0,Kelloggs Cottage Cheese (Low Fat)
FOODS_3_564,FOODS_3,1745,1.38,57.0,Kelloggs Whole Wheat Bread
FOODS_3_482,FOODS_3,1743,0.43,2.0,Organic Valley Granola Bars (Oats)
FOODS_3_050,FOODS_3,1741,2.66,80.0,Organic Valley Black Beans (15oz)
FOODS_3_625,FOODS_3,1737,1.17,37.0,Marketside Baby Carrots Bag
FOODS_3_465,FOODS_3,1736,1.44,62.0,Marketside Organic Bananas (Bunch)
FOODS_3_588,FOODS_3,1731,0.78,17.0,Stonyfield English Muffins
FOODS_2_397,FOODS_2,1724,1.7,53.0,Annie's Frozen Mixed Berries
FOODS_2_108,FOODS_2,1719,1.85,48.0,Stonyfield Tilapia Fillets
FOODS_2_288,FOODS_2,1713,1.32,35.0,Great Value Tilapia Fillets
FOODS_2_367,FOODS_2,1705,0.88,32.0,Quaker Frozen Mixed Berries
FOODS_2_151,FOODS_2,1704,1.15,53.0,Dole Ground Beef (93% Lean)
FOODS_2_383,FOODS_2,1701,0.87,23.0,Quaker Salami Trio
FOODS_3_627,FOODS_3,1701,1.21,71.0,Nestle Peanut Butter (Creamy)
FOODS_2_275,FOODS_2,1691,2.4,64.0,Nestle Frozen Broccoli Florets
FOODS_2_217,FOODS_2,1690,1.81,55.0,Tyson Frozen Mixed Berries
FOODS_3_374,FOODS_3,1687,1.48,88.0,General Mills Sliced White Bread
FOODS_3_298,FOODS_3,1664,1.09,34.0,Horizon Black Beans (15oz)
FOODS_3_483,FOODS_3,1661,0.95,69.0,Nestle Canned Sweet Corn
FOODS_3_558,FOODS_3,1659,1.11,68.0,Nature Valley Organic Bananas (Bunch)
FOODS_1_025,FOODS_1,1656,1.21,58.0,Tyson Soy Milk (Vanilla)
FOODS_2_044,FOODS_2,1653,2.1,54.0,Stonyfield Breakfast Burritos
FOODS_3_189,FOODS_3,1644,1.99,60.0,Annie's Potato Chips (Classic)
FOODS_1_011,FOODS_1,1642,1.06,35.0,Silk Oat Milk (Barista Blend)
FOODS_1_026,FOODS_1,1626,0.88,66.0,Horizon Cage Free Brown Eggs
FOODS_3_770,FOODS_3,1620,0.83,31.0,Organic Valley Avocados (Hass)
FOODS_3_134,FOODS_3,1615,0.6,2.0,General Mills White Rice (2lb)
FOODS_3_391,FOODS_3,1615,1.25,32.0,Dole Black Beans (15oz)
FOODS_1_071,FOODS_1,1610,1.21,33.0,Dole Oat Milk (Barista Blend)
FOODS_3_043,FOODS_3,1608,1.0,55.0,Silk Tortilla Chips
FOODS_1_140,FOODS_1,1605,0.96,69.0,Stonyfield Vanilla Bean Yogurt
FOODS_2_064,FOODS_2,1595,2.82,68.0,Great Value Smoked Turkey Deli Slices
FOODS_3_687,FOODS_3,1594,1.38,69.0,Quaker Baby Carrots Bag
FOODS_3_452,FOODS_3,1591,1.56,54.0,Kelloggs Canned Sweet Corn
FOODS_3_729,FOODS_3,1587,1.39,57.0,Tyson Spaghetti Noodles
FOODS_2_258,FOODS_2,1580,1.94,54.0,Organic Valley Tilapia Fillets
FOODS_1_198,FOODS_1,1579,1.35,37.0,General Mills Shredded Mozzarella
FOODS_3_824,FOODS_3,1577,2.0,76.0,Chobani Canned Sweet Corn
FOODS_3_013,FOODS_3,1572,0.76,58.0,Annie's Sparkling Water (Lime)
FOODS_3_478,FOODS_3,1571,1.59,45.0,Nature Valley Sparkling Water (Lime)
FOODS_1_177,FOODS_1,1563,0.86,35.0,Marketside Ricotta Cheese
FOODS_3_010,FOODS_3,1561,0.86,26.0,Horizon White Rice (2lb)
FOODS_2_118,FOODS_2,1556,1.46,53.0,General Mills Frozen Peaches
FOODS_2_296,FOODS_2,1554,1.08,48.0,Chobani Pork Loin Chops
FOODS_3_168,FOODS_3,1546,1.66,44.0,Chobani Sparkling Water (Lime)
FOODS_3_612,FOODS_3,1546,1.08,36.0,Kelloggs Roasted Peanuts
FOODS_1_155,FOODS_1,1541,1.16,38.0,Silk Cheddar Cheese Block
FOODS_2_198,FOODS_2,1538,1.81,48.0,General Mills Tilapia Fillets
FOODS_1_020,FOODS_1,1537,1.25,49.0,Kelloggs Vanilla Bean Yogurt
FOODS_3_436,FOODS_3,1534,0.73,28.0,Kelloggs Sliced White Bread
FOODS_2_231,FOODS_2,1523,0.0,100.0,Dole Frozen Spinich
FOODS_1_149,FOODS_1,1510,1.32,40.0,Kraft Whipped Topping
FOODS_1_156,FOODS_1,1509,0.89,26.0,Stonyfield String Cheese Snacks
FOODS_1_105,FOODS_1,1508,0.84,57.0,Tyson Liquid Egg Whites
FOODS_2_286,FOODS_2,1507,1.11,31.0,Nature Valley Corned Beef
FOODS_1_167,FOODS_1,1506,1.44,52.0,Dole Margarine Tub
FOODS_3_486,FOODS_3,1506,2.43,59.0,General Mills Roma Tomatoes
FOODS_2_279,FOODS_2,1504,1.01,44.0,Dole Frozen Chicken Nuggets
FOODS_1_147,FOODS_1,1498,1.65,40.0,Nestle Ricotta Cheese
FOODS_3_440,FOODS_3,1497,1.19,29.0,Chobani Whole Wheat Bread
FOODS_3_716,FOODS_3,1494,0.94,37.0,Stonyfield Potato Chips (Classic)
FOODS_3_490,FOODS_3,1493,1.24,50.0,Horizon Green Seedless Grapes
FOODS_1_102,FOODS_1,1480,1.03,50.0,General Mills Cottage Cheese (Low Fat)
FOODS_3_149,FOODS_3,1480,1.13,36.0,Kraft Green Seedless Grapes
FOODS_3_582,FOODS_3,1480,0.84,34.0,General Mills Instant Coffee
FOODS_2_088,FOODS_2,1479,0.97,37.0,Chobani Frozen Peaches
FOODS_3_084,FOODS_3,1476,1.39,44.0,Kelloggs Chocolate Chip Cookies
FOODS_3_686,FOODS_3,1475,1.42,53.0,Nature Valley Classic Cola 2L
FOODS_3_544,FOODS_3,1472,0.9,27.0,Great Value Granola Bars (Oats)
FOODS_1_203,FOODS_1,1468,1.61,66.0,Silk Blueberry Yogurt 4pk
FOODS_3_206,FOODS_3,1468,0.8,62.0,Nature Valley Iceberg Lettuce
FOODS_3_196,FOODS_3,1463,1.39,51.0,Kelloggs White Rice (2lb)
FOODS_3_145,FOODS_3,1462,1.88,59.0,Marketside Roma Tomatoes
FOODS_3_426,FOODS_3,1462,0.98,29.0,Horizon Roasted Peanuts
FOODS_3_669,FOODS_3,1460,1.03,24.0,Annie's Canned Sweet Corn
FOODS_3_528,FOODS_3,1459,1.48,54.0,Great Value Red Gala Apples
FOODS_2_103,FOODS_2,1458,1.74,61.0,Dole Mixed Vegetable Medley
FOODS_3_660,FOODS_3,1456,1.03,49.0,Kelloggs Russet Potatoes (5lb)
FOODS_3_622,FOODS_3,1453,1.24,57.0,Nature Valley Sliced White Bread
FOODS_3_608,FOODS_3,1447,1.18,54.0,Great Value Black Beans (15oz)
FOODS_3_680,FOODS_3,1441,1.0,49.0,Chobani Fruit Snacks
FOODS_2_319,FOODS_2,1440,1.29,69.0,Quaker Turkey Bacon
FOODS_2_272,FOODS_2,1439,1.02,48.0,Great Value Frozen Pepperoni Pizza
FOODS_1_052,FOODS_1,1437,1.47,56.0,Kelloggs Salted Butter Sticks
FOODS_3_045,FOODS_3,1433,1.5,62.0,Annie's Honey Nut Cereal
FOODS_3_170,FOODS_3,1427,1.09,41.0,Horizon Marinara Pasta Sauce
FOODS_1_133,FOODS_1,1425,1.08,48.0,Kraft Orange Juice (No Pulp)
FOODS_2_190,FOODS_2,1424,1.52,60.0,Nature Valley Honey Ham Slices
FOODS_3_075,FOODS_3,1423,1.09,26.0,Silk Sparkling Water (Lime)
FOODS_3_531,FOODS_3,1422,1.24,47.0,Nestle Classic Cola 2L
FOODS_3_776,FOODS_3,1417,1.2,35.0,Chobani Red Gala Apples
FOODS_2_027,FOODS_2,1414,2.04,71.0,Silk Breaded Fish Sticks
FOODS_2_043,FOODS_2,1414,1.81,61.0,Silk Mixed Vegetable Medley
FOODS_1_109,FOODS_1,1412,1.14,32.0,Annie's Swiss Cheese Slices
FOODS_1_135,FOODS_1,1411,1.25,36.0,Dole Liquid Egg Whites
FOODS_1_062,FOODS_1,1400,0.96,53.0,Nature Valley Large Grade A Eggs (12ct)
FOODS_3_027,FOODS_3,1399,2.65,66.0,Silk Bagged Salad Mix
FOODS_2_124,FOODS_2,1399,1.74,73.0,Stonyfield Smoked Turkey Deli Slices
FOODS_2_210,FOODS_2,1397,0.86,32.0,Organic Valley Chicken Breast (Boneless)
FOODS_1_176,FOODS_1,1395,2.21,70.0,Great Value Cage Free Brown Eggs
FOODS_1_017,FOODS_1,1393,1.14,33.0,Marketside Margarine Tub
FOODS_2_050,FOODS_2,1392,1.59,54.0,Organic Valley Hot Dogs (8ct)
FOODS_3_068,FOODS_3,1389,1.24,62.0,Kelloggs Whole Wheat Bread
FOODS_2_177,FOODS_2,1386,1.7,55.0,Marketside Breaded Fish Sticks
FOODS_3_553,FOODS_3,1385,1.55,39.0,Tyson Avocados (Hass)
FOODS_2_284,FOODS_2,1379,1.12,53.0,Stonyfield Breakfast Burritos
FOODS_3_095,FOODS_3,1379,1.29,51.0,Quaker Sliced White Bread
FOODS_2_301,FOODS_2,1377,0.97,44.0,Annie's Ground Beef (93% Lean)
FOODS_3_620,FOODS_3,1377,0.96,37.0,Stonyfield Organic Bananas (Bunch)
FOODS_3_658,FOODS_3,1376,1.35,52.0,Organic Valley Peanut Butter (Creamy)
FOODS_1_014,FOODS_1,1364,1.02,40.0,Nature Valley Probiotic Drink
FOODS_3_345,FOODS_3,1364,2.31,88.0,Tyson Classic Cola 2L
FOODS_3_639,FOODS_3,1363,0.74,18.0,Quaker Black Beans (15oz)
FOODS_3_060,FOODS_3,1358,0.92,24.0,Stonyfield Fruit Snacks
FOODS_3_650,FOODS_3,1357,0.9,27.0,Horizon English Muffins
FOODS_3_073,FOODS_3,1355,0.0,100.0,Tyson Yellow Onions
FOODS_2_277,FOODS_2,1355,0.91,47.0,Kraft Frozen Mixed Berries
FOODS_2_224,FOODS_2,1354,1.37,49.0,Great Value Breakfast Burritos
FOODS_3_649,FOODS_3,1353,1.76,83.0,Tyson Fruit Snacks
FOODS_3_543,FOODS_3,1352,1.68,69.0,Quaker Spaghetti Noodles
FOODS_2_373,FOODS_2,1348,1.17,42.0,Kraft Mixed Vegetable Medley
FOODS_2_163,FOODS_2,1343,1.47,63.0,Nestle Mixed Vegetable Medley
FOODS_3_365,FOODS_3,1338,1.65,62.0,Annie's Instant Coffee
FOODS_1_101,FOODS_1,1337,2.41,56.0,Kraft Oat Milk (Barista Blend)
FOODS_3_429,FOODS_3,1333,0.66,19.0,Annie's Avocados (Hass)
FOODS_2_186,FOODS_2,1331,1.48,50.0,Horizon Pork Sausage Links
FOODS_2_001,FOODS_2,1329,1.39,47.0,Marketside Ground Beef (93% Lean)
FOODS_2_234,FOODS_2,1320,1.27,48.0,Horizon Raw Shrimp (Peeled)
FOODS_3_724,FOODS_3,1319,1.37,55.0,Kelloggs Yellow Onions
FOODS_3_733,FOODS_3,1317,1.22,42.0,Annie's Iceberg Lettuce
FOODS_3_457,FOODS_3,1316,1.1,34.0,Tyson Roasted Peanuts
FOODS_3_456,FOODS_3,1315,1.37,47.0,Chobani Chocolate Chip Cookies
FOODS_3_701,FOODS_3,1311,1.16,24.0,Annie's Black Beans (15oz)
FOODS_2_264,FOODS_2,1303,1.1,48.0,Chobani Raw Shrimp (Peeled)
FOODS_2_320,FOODS_2,1302,1.66,55.0,Great Value Hot Dogs (8ct)
FOODS_1_144,FOODS_1,1298,1.29,45.0,Great Value Chocolate Milk
FOODS_3_312,FOODS_3,1296,1.0,40.0,Chobani Sliced White Bread
FOODS_1_073,FOODS_1,1295,1.73,61.0,Tyson Orange Juice (No Pulp)
FOODS_3_492,FOODS_3,1292,1.23,36.0,Stonyfield Bagged Salad Mix
FOODS_3_677,FOODS_3,1291,1.29,56.0,Kraft Avocados (Hass)
FOODS_2_105,FOODS_2,1287,1.93,56.0,Tyson Meatball Sub Kit
FOODS_2_018,FOODS_2,1283,1.29,52.0,Organic Valley Tilapia Fillets
FOODS_3_554,FOODS_3,1282,2.0,69.0,Horizon Bagged Salad Mix
FOODS_1_191,FOODS_1,1279,1.43,45.0,Quaker Oat Milk (Barista Blend)
FOODS_3_815,FOODS_3,1275,2.36,62.0,Quaker Russet Potatoes (5lb)
FOODS_1_169,FOODS_1,1274,1.88,53.0,Tyson Swiss Cheese Slices
FOODS_3_709,FOODS_3,1265,3.38,38.0,Kraft Bagged Salad Mix
FOODS_3_114,FOODS_3,1252,0.88,43.0,Organic Valley Roma Tomatoes
FOODS_3_240,FOODS_3,1250,2.12,57.0,Great Value Roasted Peanuts
FOODS_3_157,FOODS_3,1249,1.21,40.0,Annie's Sliced White Bread
FOODS_2_335,FOODS_2,1248,1.31,43.0,Quaker Frozen Broccoli Florets
FOODS_2_004,FOODS_2,1246,1.06,34.0,Kelloggs Smoked Turkey Deli Slices
FOODS_3_826,FOODS_3,1245,2.66,38.0,Horizon Iceberg Lettuce
FOODS_2_308,FOODS_2,1240,1.37,79.0,Kelloggs Atlantic Salmon Fillet
FOODS_2_132,FOODS_2,1239,1.12,69.0,Kelloggs Frozen French Fries
FOODS_2_370,FOODS_2,1232,1.64,74.0,Organic Valley Honey Ham Slices
FOODS_3_420,FOODS_3,1231,2.05,70.0,Kelloggs Granola Bars (Oats)
FOODS_3_445,FOODS_3,1230,1.93,42.0,Annie's Yellow Onions
FOODS_1_188,FOODS_1,1230,1.21,30.0,Stonyfield Heavy Whipping Cream
FOODS_3_056,FOODS_3,1224,2.31,70.0,Chobani Green Seedless Grapes
FOODS_2_236,FOODS_2,1224,1.16,67.0,Stonyfield Pork Loin Chops
FOODS_2_188,FOODS_2,1222,2.31,77.0,Stonyfield Atlantic Salmon Fillet
FOODS_2_202,FOODS_2,1222,0.99,42.0,Horizon Ice Cream (Vanilla Bean)
FOODS_3_773,FOODS_3,1221,1.08,36.0,Kraft Fruit Snacks
FOODS_3_375,FOODS_3,1220,1.49,66.0,Dole Potato Chips (Classic)
FOODS_2_133,FOODS_2,1200,1.17,46.0,Kraft Mixed Vegetable Medley
FOODS_3_105,FOODS_3,1192,1.11,32.0,Tyson Tortilla Chips
FOODS_3_484,FOODS_3,1184,1.24,67.0,Kelloggs Black Beans (15oz)
FOODS_2_120,FOODS_2,1184,1.61,56.0,Chobani Chicken Breast (Boneless)
FOODS_2_011,FOODS_2,1181,1.48,59.0,Silk Beef Chuck Roast
FOODS_1_064,FOODS_1,1179,1.61,64.0,Great Value Unsalted Sweet Cream Butter
FOODS_3_778,FOODS_3,1177,1.52,60.0,Horizon Potato Chips (Classic)
FOODS_3_125,FOODS_3,1174,1.23,21.0,Annie's Red Gala Apples
FOODS_3_735,FOODS_3,1170,0.76,13.0,Quaker Chocolate Chip Cookies
FOODS_3_780,FOODS_3,1168,0.74,23.0,Stonyfield Baby Carrots Bag
FOODS_3_641,FOODS_3,1167,0.94,34.0,Marketside Roma Tomatoes
FOODS_2_314,FOODS_2,1166,1.31,52.0,Horizon Breakfast Burritos
FOODS_3_813,FOODS_3,1153,0.72,15.0,Annie's Peanut Butter (Creamy)
FOODS_2_206,FOODS_2,1146,1.11,29.0,Nature Valley Pork Loin Chops
FOODS_2_208,FOODS_2,1145,1.08,42.0,Great Value Frozen Peaches
FOODS_3_762,FOODS_3,1145,1.03,41.0,Horizon Canned Sweet Corn
FOODS_3_193,FOODS_3,1139,2.66,85.0,Marketside Peanut Butter (Creamy)
FOODS_3_416,FOODS_3,1139,0.82,38.0,Great Value Sparkling Water (Lime)
FOODS_2_235,FOODS_2,1137,1.01,41.0,Silk Frozen Lasagna
FOODS_3_621,FOODS_3,1132,1.0,16.0,Annie's Red Gala Apples
FOODS_2_058,FOODS_2,1130,1.37,68.0,Horizon Frozen Peaches
FOODS_3_437,FOODS_3,1126,1.28,46.0,Kraft Potato Chips (Classic)
FOODS_3_268,FOODS_3,1125,1.85,67.0,Stonyfield Iceberg Lettuce
FOODS_1_039,FOODS_1,1125,1.29,59.0,Dole Almond Milk (Unsweetened)
FOODS_1_186,FOODS_1,1121,1.11,45.0,Horizon String Cheese Snacks
FOODS_3_297,FOODS_3,1120,1.13,54.0,Tyson Canned Sweet Corn
FOODS_1_068,FOODS_1,1119,1.39,69.0,Kelloggs Heavy Whipping Cream
FOODS_3_552,FOODS_3,1119,0.84,30.0,Chobani Green Seedless Grapes
FOODS_3_396,FOODS_3,1118,1.07,39.0,Stonyfield Instant Coffee
FOODS_2_329,FOODS_2,1116,1.05,50.0,Tyson Veggie Burgers
FOODS_2_323,FOODS_2,1114,1.07,31.0,Nestle Salami Trio
FOODS_2_169,FOODS_2,1111,2.33,84.0,Tyson Turkey Bacon
FOODS_3_518,FOODS_3,1107,1.27,46.0,General Mills Chocolate Chip Cookies
FOODS_2_031,FOODS_2,1106,1.3,81.0,Quaker Ground Beef (93% Lean)
FOODS_3_550,FOODS_3,1101,1.3,46.0,General Mills Roasted Peanuts
FOODS_2_213,FOODS_2,1100,1.48,72.0,Kraft Beef Patties (1/4 lb)
FOODS_3_049,FOODS_3,1099,1.05,45.0,Marketside Canned Sweet Corn
FOODS_3_717,FOODS_3,1085,1.81,65.0,Annie's Classic Cola 2L
FOODS_3_358,FOODS_3,1085,1.18,53.0,General Mills Granola Bars (Oats)
FOODS_3_425,FOODS_3,1079,1.94,61.0,Tyson Chocolate Chip Cookies
FOODS_2_249,FOODS_2,1078,0.97,18.0,Tyson Frozen Chicken Nuggets
FOODS_3_401,FOODS_3,1076,1.37,65.0,Marketside Fruit Snacks
FOODS_1_134,FOODS_1,1076,1.01,41.0,General Mills Probiotic Drink
FOODS_3_506,FOODS_3,1074,1.87,74.0,Horizon White Rice (2lb)
FOODS_2_260,FOODS_2,1069,1.16,45.0,Kelloggs Hot Dogs (8ct)
FOODS_3_161,FOODS_3,1069,1.18,63.0,Marketside Whole Wheat Bread
FOODS_2_295,FOODS_2,1066,0.98,57.0,Dole Frozen Lasagna
FOODS_3_802,FOODS_3,1062,1.72,66.0,Organic Valley Bagged Salad Mix
FOODS_3_198,FOODS_3,1049,1.65,73.0,General Mills Tortilla Chips
FOODS_2_332,FOODS_2,1048,1.79,64.0,Stonyfield Frozen Pepperoni Pizza
FOODS_2_358,FOODS_2,1046,1.31,80.0,General Mills Frozen Peaches
FOODS_2_203,FOODS_2,1042,1.07,43.0,Silk Salami Trio
FOODS_2_394,FOODS_2,1040,1.06,57.0,Horizon Smoked Turkey Deli Slices
FOODS_3_247,FOODS_3,1037,1.57,43.0,Dole English Muffins
FOODS_2_130,FOODS_2,1031,1.41,37.0,Organic Valley Honey Ham Slices
FOODS_3_390,FOODS_3,1028,0.74,20.0,General Mills Canned Sweet Corn
FOODS_2_069,FOODS_2,1027,1.9,60.0,Kraft Frozen Chicken Nuggets
FOODS_3_447,FOODS_3,1027,0.0,79.0,Quaker Sparkling Water (Lime)
FOODS_2_392,FOODS_2,1026,0.98,44.0,Chobani Frozen Pepperoni Pizza
FOODS_1_119,FOODS_1,1022,2.1,64.0,Dole Whipped Topping
FOODS_2_110,FOODS_2,1022,1.15,33.0,Nature Valley Hot Dogs (8ct)
FOODS_3_104,FOODS_3,1017,0.98,30.0,Chobani Yellow Onions
FOODS_2_053,FOODS_2,1014,1.48,65.0,Kraft Salami Trio
FOODS_3_275,FOODS_3,1013,3.01,86.0,Nestle Bagged Salad Mix
FOODS_3_235,FOODS_3,1008,1.47,65.0,Silk Canned Sweet Corn
FOODS_3_341,FOODS_3,1006,2.07,76.0,Kraft Organic Bananas (Bunch)
FOODS_3_166,FOODS_3,1005,0.71,17.0,General Mills Yellow Onions
FOODS_3_085,FOODS_3,1001,1.0,28.0,Kraft Roasted Peanuts
FOODS_2_215,FOODS_2,995,1.47,32.0,Dole Frozen Broccoli Florets
FOODS_3_204,FOODS_3,991,1.51,55.0,Stonyfield Canned Sweet Corn
FOODS_3_427,FOODS_3,988,1.49,62.0,Silk Instant Coffee
FOODS_2_366,FOODS_2,983,2.31,66.0,Nature Valley Pork Sausage Links
FOODS_2_140,FOODS_2,980,0.81,17.0,Stonyfield Hot Dogs (8ct)
FOODS_3_642,FOODS_3,979,1.13,31.0,Organic Valley Chocolate Chip Cookies
FOODS_3_640,FOODS_3,974,1.27,20.0,Great Value Iceberg Lettuce
FOODS_3_340,FOODS_3,971,0.92,32.0,Kelloggs English Muffins
FOODS_2_343,FOODS_2,971,1.11,29.0,Dole Mixed Vegetable Medley
FOODS_1_197,FOODS_1,967,2.49,84.0,Kraft Margarine Tub
FOODS_3_408,FOODS_3,964,2.65,83.0,Chobani Baby Carrots Bag
FOODS_3_719,FOODS_3,964,1.33,41.0,Quaker Whole Wheat Bread
FOODS_1_081,FOODS_1,960,1.48,55.0,Marketside Pepper Jack Cubes
FOODS_3_158,FOODS_3,958,1.88,67.0,Nature Valley Potato Chips (Classic)
FOODS_3_522,FOODS_3,957,2.95,83.0,Horizon Avocados (Hass)
FOODS_3_637,FOODS_3,954,0.99,45.0,Annie's Granola Bars (Oats)
FOODS_3_047,FOODS_3,953,2.76,52.0,Quaker Spaghetti Noodles
FOODS_3_044,FOODS_3,948,1.48,39.0,Stonyfield Sparkling Water (Lime)
FOODS_3_216,FOODS_3,947,1.39,62.0,Chobani English Muffins
FOODS_3_218,FOODS_3,946,0.83,60.0,Horizon Red Gala Apples
FOODS_3_667,FOODS_3,945,1.39,58.0,Silk Spaghetti Noodles
FOODS_1_114,FOODS_1,943,1.38,58.0,Organic Valley Chocolate Milk
FOODS_3_031,FOODS_3,938,1.31,34.0,Quaker Organic Bananas (Bunch)
FOODS_1_125,FOODS_1,935,0.99,38.0,Annie's Cheddar Cheese Block
FOODS_3_309,FOODS_3,934,1.44,63.0,Kraft English Muffins
FOODS_3_821,FOODS_3,933,1.42,45.0,Kraft Marinara Pasta Sauce
FOODS_1_075,FOODS_1,930,1.61,67.0,Silk Liquid Egg Whites
FOODS_3_061,FOODS_3,929,1.19,39.0,Annie's English Muffins
FOODS_2_205,FOODS_2,928,1.74,82.0,Annie's Frozen Lasagna
FOODS_3_754,FOODS_3,917,1.29,63.0,Organic Valley White Rice (2lb)
FOODS_2_387,FOODS_2,917,0.78,11.0,Nestle Breaded Fish Sticks
FOODS_3_419,FOODS_3,917,1.61,64.0,Nestle Spaghetti Noodles
FOODS_2_278,FOODS_2,916,1.21,50.0,General Mills Atlantic Salmon Fillet
FOODS_3_272,FOODS_3,915,1.28,37.0,Great Value Instant Coffee
FOODS_3_244,FOODS_3,912,1.18,46.0,Kelloggs Bagged Salad Mix
FOODS_2_336,FOODS_2,911,1.45,75.0,Great Value Pork Sausage Links
FOODS_1_118,FOODS_1,909,1.64,51.0,General Mills Parmesan Shaker
FOODS_2_350,FOODS_2,889,1.14,67.0,Nature Valley Hot Dogs (8ct)
FOODS_2_012,FOODS_2,888,2.05,73.0,Stonyfield Frozen French Fries
FOODS_3_567,FOODS_3,882,2.18,74.0,Dole Russet Potatoes (5lb)
FOODS_3_647,FOODS_3,874,2.33,95.0,Dole Bagged Salad Mix
FOODS_1_030,FOODS_1,873,1.73,77.0,Nature Valley Whole Milk (1 gal)
FOODS_2_066,FOODS_2,869,0.0,94.0,Organic Valley Pork Sausage Links
FOODS_2_122,FOODS_2,867,1.26,44.0,Horizon Frozen Pepperoni Pizza
FOODS_2_305,FOODS_2,865,2.18,83.0,Marketside Frozen Broccoli Florets
FOODS_3_630,FOODS_3,864,1.7,76.0,General Mills White Rice (2lb)
FOODS_3_173,FOODS_3,861,1.7,44.0,Annie's Canned Sweet Corn
FOODS_2_331,FOODS_2,860,1.87,59.0,Silk Ground Beef (93% Lean)
FOODS_3_055,FOODS_3,852,1.14,41.0,Dole Instant Coffee
FOODS_3_179,FOODS_3,849,1.13,44.0,Nestle Instant Coffee
FOODS_3_251,FOODS_3,848,0.76,31.0,Silk Potato Chips (Classic)
FOODS_3_188,FOODS_3,845,1.56,66.0,Stonyfield Sliced White Bread
FOODS_3_763,FOODS_3,845,2.68,76.0,Silk Black Beans (15oz)
FOODS_3_402,FOODS_3,839,1.27,53.0,Organic Valley English Muffins
FOODS_2_227,FOODS_2,834,2.99,63.0,Nestle Frozen Waffles
FOODS_3_623,FOODS_3,829,1.29,63.0,Quaker Potato Chips (Classic)
FOODS_2_180,FOODS_2,827,1.26,44.0,Kelloggs Chicken Breast (Boneless)
FOODS_3_710,FOODS_3,823,1.35,61.0,General Mills Pretzels
FOODS_1_050,FOODS_1,820,1.31,48.0,Organic Valley Vanilla Bean Yogurt
FOODS_1_078,FOODS_1,806,1.28,47.0,Nature Valley Shredded Mozzarella
FOODS_3_147,FOODS_3,805,1.71,52.0,Nestle Roasted Peanuts
FOODS_3_323,FOODS_3,799,1.51,53.0,Nestle Sparkling Water (Lime)
FOODS_2_113,FOODS_2,799,2.01,67.0,Marketside Salami Trio
FOODS_3_379,FOODS_3,798,3.07,74.0,Silk Peanut Butter (Creamy)
FOODS_3_421,FOODS_3,797,2.05,77.0,Kraft Canned Sweet Corn
FOODS_2_045,FOODS_2,796,1.71,79.0,Annie's Meatball Sub Kit
FOODS_1_158,FOODS_1,794,3.67,92.0,Nature Valley Heavy Whipping Cream
FOODS_3_072,FOODS_3,783,0.79,34.0,Chobani White Rice (2lb)
FOODS_2_338,FOODS_2,781,0.8,23.0,Organic Valley Atlantic Salmon Fillet
FOODS_3_777,FOODS_3,780,3.67,54.0,Tyson Sliced White Bread
FOODS_3_278,FOODS_3,779,1.04,22.0,General Mills English Muffins
FOODS_2_084,FOODS_2,778,1.48,33.0,Kelloggs Raw Shrimp (Peeled)
FOODS_2_269,FOODS_2,777,1.87,82.0,Annie's Veggie Burgers
FOODS_1_034,FOODS_1,775,1.76,56.0,Organic Valley Unsalted Sweet Cream Butter
FOODS_3_270,FOODS_3,769,0.86,20.0,Nature Valley Chocolate Chip Cookies
FOODS_2_290,FOODS_2,768,1.39,45.0,Organic Valley Hot Dogs (8ct)
FOODS_2_032,FOODS_2,766,1.4,87.0,Great Value Frozen Pepperoni Pizza
FOODS_3_758,FOODS_3,761,3.03,58.0,General Mills Honey Nut Cereal
FOODS_2_148,FOODS_2,758,1.74,73.0,Kelloggs Frozen Peaches
FOODS_3_003,FOODS_3,753,0.8,45.0,Nestle Potato Chips (Classic)
FOODS_3_619,FOODS_3,753,1.07,52.0,Silk English Muffins
FOODS_2_355,FOODS_2,753,1.71,49.0,Nestle Frozen Lasagna
FOODS_2_228,FOODS_2,749,1.74,68.0,Kelloggs Tilapia Fillets
FOODS_3_262,FOODS_3,746,1.15,36.0,General Mills Honey Nut Cereal
FOODS_1_199,FOODS_1,746,1.21,74.0,Dole Swiss Cheese Slices
FOODS_3_360,FOODS_3,743,1.95,68.0,Chobani Black Beans (15oz)
FOODS_3_527,FOODS_3,743,1.15,56.0,Quaker Organic Bananas (Bunch)
FOODS_2_037,FOODS_2,739,2.1,68.0,Kraft Frozen Mixed Berries
FOODS_3_006,FOODS_3,733,1.15,36.0,General Mills Whole Wheat Bread
FOODS_2_095,FOODS_2,732,0.94,32.0,Quaker Frozen Broccoli Florets
FOODS_2_292,FOODS_2,732,1.43,88.0,Kelloggs Ice Cream (Vanilla Bean)
FOODS_3_040,FOODS_3,728,1.43,49.0,Chobani Russet Potatoes (5lb)
FOODS_3_556,FOODS_3,726,1.31,63.0,Stonyfield Fruit Snacks
FOODS_3_722,FOODS_3,721,0.55,41.0,Organic Valley Russet Potatoes (5lb)
FOODS_3_442,FOODS_3,720,1.7,82.0,Horizon Strawberry Jam
FOODS_3_798,FOODS_3,719,1.59,74.0,Nature Valley Roasted Peanuts
FOODS_2_023,FOODS_2,719,1.79,55.0,Dole Salami Trio
FOODS_3_673,FOODS_3,716,1.25,43.0,Marketside Chocolate Chip Cookies
FOODS_1_070,FOODS_1,714,1.9,67.0,General Mills Cream Cheese Spread
FOODS_2_270,FOODS_2,713,1.66,79.0,Nature Valley Chicken Breast (Boneless)
FOODS_3_223,FOODS_3,710,2.66,80.0,Quaker Whole Wheat Bread
FOODS_2_091,FOODS_2,710,1.99,75.0,Silk Ground Beef (93% Lean)
FOODS_2_089,FOODS_2,710,0.94,38.0,Tyson Veggie Burgers
FOODS_2_265,FOODS_2,698,1.68,70.0,Tyson Frozen Lasagna
FOODS_3_172,FOODS_3,696,0.74,15.0,Stonyfield Granola Bars (Oats)
FOODS_2_363,FOODS_2,696,1.19,78.0,Silk Beef Patties (1/4 lb)
FOODS_2_102,FOODS_2,695,1.11,35.0,General Mills Frozen French Fries
FOODS_2_317,FOODS_2,695,1.38,63.0,Annie's Frozen Waffles
FOODS_2_378,FOODS_2,693,1.72,75.0,Horizon Tilapia Fillets
FOODS_1_136,FOODS_1,689,2.94,85.0,Chobani Half & Half Creamer
FOODS_3_443,FOODS_3,683,1.03,49.0,Silk Russet Potatoes (5lb)
FOODS_3_720,FOODS_3,681,1.0,46.0,Great Value Peanut Butter (Creamy)
FOODS_2_298,FOODS_2,680,1.21,53.0,Horizon Frozen Peaches
FOODS_2_185,FOODS_2,679,0.92,29.0,Tyson Frozen Broccoli Florets
FOODS_1_060,FOODS_1,672,1.07,40.0,Stonyfield Whole Milk (1 gal)
FOODS_2_136,FOODS_2,672,2.49,65.0,Chobani Corned Beef
FOODS_3_110,FOODS_3,672,1.18,48.0,Nature Valley Granola Bars (Oats)
FOODS_2_377,FOODS_2,670,1.6,40.0,Tyson Frozen Waffles
FOODS_3_380,FOODS_3,668,1.74,72.0,Stonyfield Strawberry Jam
FOODS_1_164,FOODS_1,664,2.18,91.0,Kelloggs Probiotic Drink
FOODS_3_743,FOODS_3,661,1.08,23.0,Dole English Muffins
FOODS_1_029,FOODS_1,659,1.92,67.0,Annie's Whipped Topping
FOODS_3_229,FOODS_3,659,1.48,51.0,Kraft Tortilla Chips
FOODS_3_119,FOODS_3,657,1.49,53.0,Dole Avocados (Hass)
FOODS_3_549,FOODS_3,656,1.22,68.0,Kraft Chocolate Chip Cookies
FOODS_2_386,FOODS_2,654,2.12,71.0,Organic Valley Pork Loin Chops
FOODS_3_529,FOODS_3,650,1.17,34.0,Marketside Sliced White Bread
FOODS_2_008,FOODS_2,647,1.87,83.0,Chobani Atlantic Salmon Fillet
FOODS_2_250,FOODS_2,647,1.0,46.0,Horizon Honey Ham Slices
FOODS_2_261,FOODS_2,646,1.39,60.0,Kraft Frozen Spinich
FOODS_3_597,FOODS_3,646,1.56,76.0,Kraft Strawberry Jam
FOODS_3_453,FOODS_3,645,1.05,47.0,Kraft Black Beans (15oz)
FOODS_3_036,FOODS_3,641,1.61,69.0,Kelloggs Baby Carrots Bag
FOODS_3_122,FOODS_3,637,0.87,45.0,Horizon Fruit Snacks
FOODS_1_053,FOODS_1,637,5.29,71.0,Kraft Blueberry Yogurt 4pk
FOODS_1_212,FOODS_1,626,1.03,57.0,Kelloggs Large Grade A Eggs (12ct)
FOODS_3_221,FOODS_3,625,0.79,43.0,Annie's Classic Cola 2L
FOODS_1_093,FOODS_1,624,1.48,53.0,Annie's Greek Strawberry Yogurt
FOODS_1_002,FOODS_1,624,1.18,59.0,Organic Valley Large Grade A Eggs (12ct)
FOODS_3_143,FOODS_3,620,1.2,42.0,Quaker Black Beans (15oz)
FOODS_1_157,FOODS_1,619,1.88,53.0,Annie's Sour Cream (16oz)
FOODS_3_670,FOODS_3,618,1.87,82.0,Nature Valley Black Beans (15oz)
FOODS_2_345,FOODS_2,618,1.1,46.0,Tyson Meatball Sub Kit
FOODS_2_172,FOODS_2,617,1.2,57.0,Stonyfield Ice Cream (Vanilla Bean)
FOODS_3_600,FOODS_3,616,1.07,66.0,Chobani Yellow Onions
FOODS_2_389,FOODS_2,612,1.6,72.0,Kraft Veggie Burgers
FOODS_2_178,FOODS_2,606,1.67,81.0,Organic Valley Frozen Peaches
FOODS_1_141,FOODS_1,605,2.49,85.0,Annie's Pepper Jack Cubes
FOODS_2_094,FOODS_2,603,2.55,69.0,Nature Valley Smoked Turkey Deli Slices
FOODS_3_018,FOODS_3,603,1.68,37.0,Organic Valley Canned Sweet Corn
FOODS_3_430,FOODS_3,595,2.41,62.0,Nature Valley Bagged Salad Mix
FOODS_1_059,FOODS_1,592,1.43,55.0,Silk Whipped Topping
FOODS_3_215,FOODS_3,592,0.61,15.0,Dole Fruit Snacks
FOODS_2_200,FOODS_2,591,2.62,77.0,Chobani Hot Dogs (8ct)
FOODS_2_161,FOODS_2,591,1.49,75.0,Marketside Beef Chuck Roast
FOODS_2_328,FOODS_2,591,0.79,52.0,Chobani Frozen Peaches
FOODS_3_397,FOODS_3,590,1.56,78.0,Annie's Green Seedless Grapes
FOODS_1_107,FOODS_1,581,1.71,65.0,Silk Margarine Tub
FOODS_2_076,FOODS_2,580,1.34,66.0,Stonyfield Corned Beef
FOODS_2_253,FOODS_2,577,0.69,25.0,Annie's Mixed Vegetable Medley
FOODS_2_324,FOODS_2,575,1.52,85.0,Kelloggs Raw Shrimp (Peeled)
FOODS_3_343,FOODS_3,574,2.58,84.0,Dole Sliced White Bread
FOODS_2_087,FOODS_2,568,1.87,71.0,Dole Breaded Fish Sticks
FOODS_3_004,FOODS_3,568,1.81,70.0,Kelloggs Classic Cola 2L
FOODS_1_057,FOODS_1,565,1.65,90.0,Tyson Ricotta Cheese
FOODS_1_010,FOODS_1,563,1.15,56.0,Horizon Cream Cheese Spread
FOODS_2_077,FOODS_2,563,1.87,77.0,Annie's Frozen Waffles
FOODS_1_122,FOODS_1,561,1.06,43.0,Horizon Large Grade A Eggs (12ct)
FOODS_2_312,FOODS_2,555,1.61,60.0,Chobani Frozen French Fries
FOODS_1_126,FOODS_1,555,1.62,87.0,Nature Valley String Cheese Snacks
FOODS_1_179,FOODS_1,554,1.42,62.0,Nestle Whipped Topping
FOODS_2_273,FOODS_2,552,1.94,67.0,Marketside Beef Patties (1/4 lb)
FOODS_2_039,FOODS_2,551,1.87,66.0,Dole Frozen Chicken Nuggets
FOODS_2_243,FOODS_2,550,2.12,74.0,Nestle Beef Patties (1/4 lb)
FOODS_2_111,FOODS_2,549,1.95,75.0,Quaker Frozen Spinich
FOODS_2_268,FOODS_2,549,1.71,73.0,Stonyfield Frozen Peaches
FOODS_1_193,FOODS_1,545,1.99,65.0,Marketside Orange Juice (No Pulp)
FOODS_1_171,FOODS_1,544,1.73,72.0,Silk Pepper Jack Cubes
FOODS_2_354,FOODS_2,542,2.18,67.0,Organic Valley Raw Shrimp (Peeled)
FOODS_2_123,FOODS_2,541,0.85,38.0,Silk Beef Patties (1/4 lb)
FOODS_2_214,FOODS_2,539,1.14,71.0,General Mills Smoked Turkey Deli Slices
FOODS_1_211,FOODS_1,534,2.12,73.0,Nestle 2% Reduced Fat Milk
FOODS_3_016,FOODS_3,533,1.33,30.0,Great Value Spaghetti Noodles
FOODS_2_310,FOODS_2,533,2.24,77.0,General Mills Honey Ham Slices
FOODS_2_007,FOODS_2,530,1.9,61.0,Dole Frozen Mixed Berries
FOODS_2_028,FOODS_2,530,1.95,59.0,Stonyfield Frozen Peaches
FOODS_2_259,FOODS_2,525,2.33,75.0,Nestle Turkey Bacon
FOODS_2_154,FOODS_2,520,3.67,89.0,Horizon Smoked Turkey Deli Slices
FOODS_2_393,FOODS_2,517,1.44,55.0,Tyson Beef Patties (1/4 lb)
FOODS_3_662,FOODS_3,517,1.39,43.0,General Mills Yellow Onions
FOODS_3_713,FOODS_3,516,3.89,82.0,Tyson Organic Bananas (Bunch)
FOODS_3_111,FOODS_3,515,0.93,39.0,Quaker Canned Sweet Corn
FOODS_3_017,FOODS_3,514,1.76,80.0,Marketside Granola Bars (Oats)
FOODS_1_151,FOODS_1,514,1.59,61.0,Dole 2% Reduced Fat Milk
FOODS_2_191,FOODS_2,511,1.87,76.0,Quaker Beef Chuck Roast
FOODS_3_806,FOODS_3,509,1.74,92.0,General Mills Organic Bananas (Bunch)
FOODS_3_033,FOODS_3,509,1.61,50.0,Marketside Sliced White Bread
FOODS_2_160,FOODS_2,506,2.34,81.0,Great Value Honey Ham Slices
FOODS_2_281,FOODS_2,495,2.18,88.0,Tyson Beef Chuck Roast
FOODS_2_057,FOODS_2,490,1.29,46.0,Tyson Breaded Fish Sticks
FOODS_3_779,FOODS_3,487,2.8,89.0,Silk Classic Cola 2L
FOODS_3_009,FOODS_3,486,1.21,53.0,Tyson Russet Potatoes (5lb)
FOODS_3_315,FOODS_3,483,3.67,71.0,Silk Baby Carrots Bag
FOODS_1_189,FOODS_1,480,2.83,84.0,Annie's Almond Milk (Unsweetened)
FOODS_1_056,FOODS_1,476,1.21,85.0,Chobani Cage Free Brown Eggs
FOODS_3_576,FOODS_3,473,1.56,56.0,Great Value Canned Sweet Corn
FOODS_2_155,FOODS_2,468,1.81,87.0,Silk Frozen Broccoli Florets
FOODS_2_165,FOODS_2,460,2.8,83.0,Kraft Meatball Sub Kit
FOODS_2_179,FOODS_2,460,1.54,65.0,Nestle Veggie Burgers
FOODS_3_799,FOODS_3,456,2.49,84.0,Quaker Instant Coffee
FOODS_2_341,FOODS_2,452,1.61,84.0,Kraft Beef Chuck Roast
FOODS_3_575,FOODS_3,442,1.74,60.0,Quaker Granola Bars (Oats)
FOODS_2_040,FOODS_2,442,1.61,89.0,Chobani Honey Ham Slices
FOODS_1_148,FOODS_1,441,1.85,79.0,Kelloggs Parmesan Shaker
FOODS_2_256,FOODS_2,439,0.99,42.0,Great Value Corned Beef
FOODS_1_008,FOODS_1,439,2.49,90.0,Chobani Heavy Whipping Cream
FOODS_3_209,FOODS_3,437,2.49,57.0,Marketside Roasted Peanuts
FOODS_2_114,FOODS_2,434,1.5,73.0,Organic Valley Raw Shrimp (Peeled)
FOODS_2_127,FOODS_2,430,5.29,81.0,Quaker Frozen Mixed Berries
FOODS_3_366,FOODS_3,426,1.22,53.0,Nature Valley Green Seedless Grapes
FOODS_3_284,FOODS_3,426,1.38,58.0,Stonyfield Baby Carrots Bag
FOODS_3_751,FOODS_3,425,0.96,19.0,Quaker Peanut Butter (Creamy)
FOODS_3_691,FOODS_3,422,1.42,52.0,Nestle Russet Potatoes (5lb)
FOODS_2_147,FOODS_2,421,1.22,47.0,Nestle Breaded Fish Sticks
FOODS_3_417,FOODS_3,419,1.57,41.0,Marketside Honey Nut Cereal
FOODS_1_160,FOODS_1,417,1.08,40.0,Great Value Cream Cheese Spread
FOODS_1_022,FOODS_1,415,2.07,68.0,General Mills Salted Butter Sticks
FOODS_2_168,FOODS_2,415,1.85,60.0,Chobani Tilapia Fillets
FOODS_3_500,FOODS_3,414,1.17,40.0,Kelloggs Classic Cola 2L
FOODS_2_365,FOODS_2,410,1.15,48.0,Annie's Frozen Broccoli Florets
FOODS_3_364,FOODS_3,409,1.56,63.0,Stonyfield Roasted Peanuts
FOODS_3_254,FOODS_3,407,1.39,59.0,Nature Valley Whole Wheat Bread
FOODS_2_280,FOODS_2,407,1.05,43.0,Chobani Honey Ham Slices
FOODS_3_548,FOODS_3,406,3.67,87.0,Kelloggs Roma Tomatoes
FOODS_3_471,FOODS_3,402,2.66,73.0,Dole Whole Wheat Bread
FOODS_3_088,FOODS_3,402,1.44,59.0,Chobani Avocados (Hass)
FOODS_3_736,FOODS_3,400,1.71,72.0,Great Value Roasted Peanuts
FOODS_2_207,FOODS_2,400,2.07,82.0,Quaker Breaded Fish Sticks
FOODS_3_510,FOODS_3,397,0.72,35.0,Nature Valley Honey Nut Cereal
FOODS_2_195,FOODS_2,393,3.67,81.0,Nestle Meatball Sub Kit
FOODS_2_395,FOODS_2,392,1.87,86.0,Silk Frozen Broccoli Florets
FOODS_3_180,FOODS_3,385,1.21,50.0,Kelloggs Green Seedless Grapes
FOODS_2_271,FOODS_2,381,2.08,67.0,Quaker Ground Beef (93% Lean)
FOODS_2_300,FOODS_2,381,1.7,71.0,Stonyfield Chicken Breast (Boneless)
FOODS_2_017,FOODS_2,379,1.85,63.0,Marketside Frozen Waffles
FOODS_2_048,FOODS_2,379,1.29,57.0,Great Value Tilapia Fillets
FOODS_2_369,FOODS_2,376,0.98,40.0,Marketside Frozen Chicken Nuggets
FOODS_3_517,FOODS_3,373,1.11,47.0,Kraft Roma Tomatoes
FOODS_3_409,FOODS_3,373,1.54,59.0,Tyson Whole Wheat Bread
FOODS_3_164,FOODS_3,372,1.37,60.0,Kelloggs Russet Potatoes (5lb)
FOODS_3_633,FOODS_3,369,1.3,61.0,Tyson Sparkling Water (Lime)
FOODS_3_613,FOODS_3,368,1.71,56.0,Kraft Instant Coffee
FOODS_1_111,FOODS_1,364,1.37,57.0,Quaker Pepper Jack Cubes
FOODS_3_353,FOODS_3,363,1.54,64.0,Marketside Tortilla Chips
FOODS_2_313,FOODS_2,360,1.95,79.0,Tyson Mixed Vegetable Medley
FOODS_3_359,FOODS_3,352,1.29,65.0,Dole Canned Sweet Corn
FOODS_3_210,FOODS_3,351,5.29,99.0,Organic Valley Instant Coffee
FOODS_1_089,FOODS_1,351,1.08,52.0,Tyson Whipped Topping
FOODS_2_097,FOODS_2,350,1.21,60.0,Marketside Frozen Mixed Berries
FOODS_2_187,FOODS_2,339,0.86,54.0,Silk Frozen Mixed Berries
FOODS_3_256,FOODS_3,338,5.29,97.0,Great Value Strawberry Jam
FOODS_2_372,FOODS_2,333,1.11,53.0,Kelloggs Frozen French Fries
FOODS_3_338,FOODS_3,331,5.29,74.0,Organic Valley Pretzels
FOODS_2_090,FOODS_2,327,0.88,70.0,Horizon Chicken Breast (Boneless)
FOODS_3_626,FOODS_3,325,1.88,53.0,Organic Valley Whole Wheat Bread
FOODS_3_696,FOODS_3,323,1.49,49.0,Chobani Honey Nut Cereal
FOODS_2_287,FOODS_2,317,2.31,89.0,Quaker Frozen Waffles
FOODS_3_745,FOODS_3,316,3.67,96.0,Tyson Red Gala Apples
FOODS_3_165,FOODS_3,312,2.08,86.0,Kraft White Rice (2lb)
FOODS_3_038,FOODS_3,311,1.7,56.0,General Mills Peanut Butter (Creamy)
FOODS_3_371,FOODS_3,306,1.29,53.0,Nestle English Muffins
FOODS_3_264,FOODS_3,305,0.88,34.0,Chobani Spaghetti Noodles
FOODS_3_790,FOODS_3,297,1.38,80.0,General Mills Marinara Pasta Sauce
FOODS_2_246,FOODS_2,294,1.7,88.0,General Mills Pork Sausage Links
FOODS_2_158,FOODS_2,287,2.07,76.0,Nature Valley Atlantic Salmon Fillet
FOODS_3_137,FOODS_3,276,1.37,62.0,Tyson Sparkling Water (Lime)
FOODS_1_033,FOODS_1,275,2.31,81.0,Marketside Greek Strawberry Yogurt
FOODS_3_296,FOODS_3,269,1.03,42.0,Chobani Granola Bars (Oats)
FOODS_3_690,FOODS_3,264,1.49,60.0,Organic Valley Strawberry Jam
FOODS_3_507,FOODS_3,257,1.9,76.0,Silk Yellow Onions
FOODS_1_095,FOODS_1,255,2.66,90.0,Quaker Cheddar Cheese Block
FOODS_3_796,FOODS_3,247,1.49,63.0,Stonyfield Roma Tomatoes
FOODS_2_390,FOODS_2,243,1.22,51.0,General Mills Chicken Breast (Boneless)
FOODS_3_737,FOODS_3,241,2.05,78.0,Marketside Instant Coffee
FOODS_3_693,FOODS_3,236,1.9,73.0,Kraft Yellow Onions
FOODS_2_006,FOODS_2,235,5.29,83.0,General Mills Pork Sausage Links
FOODS_3_022,FOODS_3,234,1.24,69.0,General Mills Chocolate Chip Cookies
FOODS_2_129,FOODS_2,230,1.49,75.0,Marketside Frozen Chicken Nuggets
FOODS_1_131,FOODS_1,226,1.4,64.0,Nestle Oat Milk (Barista Blend)
FOODS_2_337,FOODS_2,225,1.9,80.0,Marketside Frozen Mixed Berries
FOODS_2_248,FOODS_2,220,1.01,34.0,Chobani Atlantic Salmon Fillet
FOODS_2_159,FOODS_2,215,1.19,80.0,Quaker Frozen Chicken Nuggets
FOODS_2_226,FOODS_2,214,3.67,87.0,Organic Valley Corned Beef
FOODS_2_068,FOODS_2,214,2.49,89.0,Kelloggs Atlantic Salmon Fillet
FOODS_2_193,FOODS_2,213,2.49,75.0,Marketside Mixed Vegetable Medley
FOODS_1_159,FOODS_1,210,3.67,86.0,Quaker Almond Milk (Unsweetened)
FOODS_2_071,FOODS_2,198,1.27,68.0,Dole Beef Chuck Roast
FOODS_1_098,FOODS_1,196,1.81,73.0,Organic Valley Heavy Whipping Cream
FOODS_3_337,FOODS_3,191,1.87,73.0,Marketside Bagged Salad Mix
FOODS_1_084,FOODS_1,191,2.18,88.0,Kelloggs Chocolate Milk
FOODS_1_077,FOODS_1,190,2.94,83.0,Annie's Margarine Tub
FOODS_3_472,FOODS_3,188,2.05,71.0,Chobani Peanut Butter (Creamy)
FOODS_2_073,FOODS_2,182,2.49,79.0,Tyson Mixed Vegetable Medley
FOODS_2_252,FOODS_2,177,1.74,78.0,Stonyfield Frozen French Fries
FOODS_2_254,FOODS_2,176,1.74,80.0,Nature Valley Breakfast Burritos
FOODS_3_512,FOODS_3,167,2.94,88.0,Great Value Spaghetti Noodles
FOODS_3_563,FOODS_3,163,0.0,94.0,Nestle Baby Carrots Bag
FOODS_2_362,FOODS_2,158,1.95,71.0,Horizon Frozen Pepperoni Pizza
FOODS_2_096,FOODS_2,157,2.34,89.0,Great Value Pork Sausage Links
FOODS_3_255,FOODS_3,155,1.29,53.0,Quaker Peanut Butter (Creamy)
FOODS_2_209,FOODS_2,151,1.56,46.0,Marketside Veggie Burgers
FOODS_3_602,FOODS_3,144,0.0,85.0,Horizon Sparkling Water (Lime)
FOODS_3_260,FOODS_3,141,1.95,74.0,Kelloggs Tortilla Chips
FOODS_2_117,FOODS_2,139,2.65,54.0,Kraft Breaded Fish Sticks
FOODS_2_239,FOODS_2,133,1.59,75.0,Quaker Veggie Burgers
FOODS_3_350,FOODS_3,129,2.08,65.0,Nature Valley Russet Potatoes (5lb)
FOODS_3_595,FOODS_3,118,1.13,37.0,Nestle Whole Wheat Bread
FOODS_2_015,FOODS_2,115,1.35,62.0,Quaker Meatball Sub Kit
FOODS_2_046,FOODS_2,114,2.66,82.0,Nature Valley Corned Beef
FOODS_3_220,FOODS_3,112,2.65,77.0,Stonyfield Potato Chips (Classic)
FOODS_2_379,FOODS_2,110,2.8,72.0,Silk Turkey Bacon
FOODS_3_466,FOODS_3,106,0.0,91.0,Organic Valley Red Gala Apples
FOODS_3_521,FOODS_3,104,1.9,72.0,Tyson Green Seedless Grapes
FOODS_3_601,FOODS_3,103,5.29,92.0,Tyson Tortilla Chips
FOODS_3_703,FOODS_3,88,1.56,71.0,Quaker Roma Tomatoes
FOODS_3_171,FOODS_3,64,5.29,95.0,Silk Spaghetti Noodles
FOODS_1_079,FOODS_1,40,0.0,99.0,Quaker Swiss Cheese Slices
